item_id,example_id,sentence,option1,option2,gold,candidate1_text,candidate2_text,candidate1_pll,candidate2_pll,score_gap,predicted,correct
1,,Sarah was a much better surgeon than Maria so _ always got the easier cases.,Sarah,Maria,2,Sarah was a much better surgeon than Maria so Sarah always got the easier cases.,Sarah was a much better surgeon than Maria so Maria always got the easier cases.,-42.86382617801428,-39.5570688478183,3.3067573301959783,2,True
2,,Sarah was a much better surgeon than Maria so _ always got the harder cases.,Sarah,Maria,1,Sarah was a much better surgeon than Maria so Sarah always got the harder cases.,Sarah was a much better surgeon than Maria so Maria always got the harder cases.,-43.398985856212676,-40.091966949170455,3.3070189070422202,2,False
3,,"They were worried the wine would ruin the bed and the blanket, but the _ was't ruined.",blanket,bed,2,"They were worried the wine would ruin the bed and the blanket, but the blanket was't ruined.","They were worried the wine would ruin the bed and the blanket, but the bed was't ruined.",-31.224217473063618,-30.685341033153236,0.538876439910382,2,True
4,,Terry tried to bake the eggplant in the toaster oven but the _ was too big.,eggplant,toaster,1,Terry tried to bake the eggplant in the toaster oven but the eggplant was too big.,Terry tried to bake the eggplant in the toaster oven but the toaster was too big.,-24.088336003194854,-24.925645532173803,0.837309528978949,1,True
5,,"At night, Jeffrey always stays up later than Hunter to watch TV because _ wakes up late.",Jeffrey,Hunter,1,"At night, Jeffrey always stays up later than Hunter to watch TV because Jeffrey wakes up late.","At night, Jeffrey always stays up later than Hunter to watch TV because Hunter wakes up late.",-40.78846638981486,-44.68222136050463,3.89375497068977,1,True
6,,"The cat of Sarah has some mouth problems, so she takes it to see Maria. _ is a responsible cat owner.",Sarah,Maria,1,"The cat of Sarah has some mouth problems, so she takes it to see Maria. Sarah is a responsible cat owner.","The cat of Sarah has some mouth problems, so she takes it to see Maria. Maria is a responsible cat owner.",-68.40821392089128,-56.78067699086387,11.627536930027418,2,False
7,,The home that my parents had when I was in school was a lot nicer than my house now because the _ was sophisticated.,home,house,1,The home that my parents had when I was in school was a lot nicer than my house now because the home was sophisticated.,The home that my parents had when I was in school was a lot nicer than my house now because the house was sophisticated.,-41.11542592841579,-38.69423324018862,2.4211926882271655,2,False
8,,The home that my parents had when I was in school was a lot nicer than my house now because the _ is trashy.,home,house,2,The home that my parents had when I was in school was a lot nicer than my house now because the home is trashy.,The home that my parents had when I was in school was a lot nicer than my house now because the house is trashy.,-45.40021124346822,-42.192069520991936,3.2081417224762845,2,True
9,,"Natalie has a rich husband and lots of money, Jennifer is poor _ needs to make her clothes.",Natalie,Jennifer,2,"Natalie has a rich husband and lots of money, Jennifer is poor Natalie needs to make her clothes.","Natalie has a rich husband and lots of money, Jennifer is poor Jennifer needs to make her clothes.",-71.2196561282035,-75.89095603779424,4.6712999095907435,1,False
10,,Joe immediately went to bakery before the bank because the _ had a limited supply of what he wanted.,bakery,bank,1,Joe immediately went to bakery before the bank because the bakery had a limited supply of what he wanted.,Joe immediately went to bakery before the bank because the bank had a limited supply of what he wanted.,-63.43131232727319,-49.68881998118013,13.742492346093059,2,False
11,,Joe immediately went to bakery before the bank because the _ had a substantial supply of what he wanted.,bakery,bank,2,Joe immediately went to bakery before the bank because the bakery had a substantial supply of what he wanted.,Joe immediately went to bakery before the bank because the bank had a substantial supply of what he wanted.,-72.66882583033293,-58.496320550795645,14.17250527953729,2,True
12,,"I had to read an entire story for class tomorrow. Luckily, the _ was canceled.",story,class,2,"I had to read an entire story for class tomorrow. Luckily, the story was canceled.","I had to read an entire story for class tomorrow. Luckily, the class was canceled.",-33.9757931700442,-28.473635274684057,5.502157895360142,2,True
13,,"I had to read an entire story for class tomorrow. Luckily, the _ was short.",story,class,1,"I had to read an entire story for class tomorrow. Luckily, the story was short.","I had to read an entire story for class tomorrow. Luckily, the class was short.",-24.59258631488774,-27.458622543490492,2.866036228602752,1,True
14,,He had enough time between classes to go to a cafe or to the library. He went to the _ because his paper could wait.,cafe,library,1,He had enough time between classes to go to a cafe or to the library. He went to the cafe because his paper could wait.,He had enough time between classes to go to a cafe or to the library. He went to the library because his paper could wait.,-31.779445786305587,-28.054659231711412,3.724786554594175,2,False
15,,He had enough time between classes to go to a cafe or to the library. He went to the _ because his paper was due soon.,cafe,library,2,He had enough time between classes to go to a cafe or to the library. He went to the cafe because his paper was due soon.,He had enough time between classes to go to a cafe or to the library. He went to the library because his paper was due soon.,-25.06225518141582,-21.288369587418856,3.7738855939969653,2,True
16,,Lindsey like to read graphic novels but Natalie liked classic literature to read. _ bought the new Frank Miller comic at the book store.,Lindsey,Natalie,1,Lindsey like to read graphic novels but Natalie liked classic literature to read. Lindsey bought the new Frank Miller comic at the book store.,Lindsey like to read graphic novels but Natalie liked classic literature to read. Natalie bought the new Frank Miller comic at the book store.,-72.99259205162525,-67.35687254555523,5.635719506070018,2,False
17,,Michael just bought brand new wheels for his truck unlike Leslie because _ wheels were new and perfect.,Michael,Leslie,2,Michael just bought brand new wheels for his truck unlike Leslie because Michael wheels were new and perfect.,Michael just bought brand new wheels for his truck unlike Leslie because Leslie wheels were new and perfect.,-75.00199166801758,-71.0433028570842,3.9586888109333813,2,True
18,,Michael just bought brand new wheels for his truck unlike Leslie because _ wheels were old and used.,Michael,Leslie,1,Michael just bought brand new wheels for his truck unlike Leslie because Michael wheels were old and used.,Michael just bought brand new wheels for his truck unlike Leslie because Leslie wheels were old and used.,-76.49632502463646,-70.13027544645593,6.366049578180537,2,False
19,,"Leslie was nervous around parrots but Neil was not, since _ was bitten by a bird early in life.",Leslie,Neil,1,"Leslie was nervous around parrots but Neil was not, since Leslie was bitten by a bird early in life.","Leslie was nervous around parrots but Neil was not, since Neil was bitten by a bird early in life.",-44.88326005410636,-39.24224951064389,5.641010543462471,2,False
20,,Christmas was a special holiday to Eric but not Adam since _ was a Jew.,Eric,Adam,2,Christmas was a special holiday to Eric but not Adam since Eric was a Jew.,Christmas was a special holiday to Eric but not Adam since Adam was a Jew.,-38.42420758260414,-48.62935495050624,10.2051473679021,1,False
21,,To make frosting I needed pudding that was at a store 15 minutes away but pre-made frosting was at a store 5 minutes away.  The _ was closer.,pudding,frosting,2,To make frosting I needed pudding that was at a store 15 minutes away but pre-made frosting was at a store 5 minutes away. The pudding was closer.,To make frosting I needed pudding that was at a store 15 minutes away but pre-made frosting was at a store 5 minutes away. The frosting was closer.,-55.06430624553468,-49.47388732805848,5.5904189174762,2,True
22,,Benjamin was chosen instead of Brett to be the makeup artist for the play because _ was less experienced.,Benjamin,Brett,2,Benjamin was chosen instead of Brett to be the makeup artist for the play because Benjamin was less experienced.,Benjamin was chosen instead of Brett to be the makeup artist for the play because Brett was less experienced.,-29.74375626159599,-25.425562475807965,4.318193785788026,2,True
23,,"Cynthia violated the rights of Amy, because _ had too much passivity with other people.",Cynthia,Amy,2,"Cynthia violated the rights of Amy, because Cynthia had too much passivity with other people.","Cynthia violated the rights of Amy, because Amy had too much passivity with other people.",-27.532647292129695,-28.633947806898504,1.101300514768809,1,False
24,,"They had to eat a lot to gain the strength they had lost and be able to work, the _ was too much.",work,strength,1,"They had to eat a lot to gain the strength they had lost and be able to work, the work was too much.","They had to eat a lot to gain the strength they had lost and be able to work, the strength was too much.",-42.88243319335743,-43.999433968099765,1.117000774742337,1,True
25,,"They had to eat a lot to gain the strength they had lost and be able to work, the _ was too little.",work,strength,2,"They had to eat a lot to gain the strength they had lost and be able to work, the work was too little.","They had to eat a lot to gain the strength they had lost and be able to work, the strength was too little.",-49.58064825300244,-46.04194398006075,3.538704272941686,2,True
26,,"The roof of Rachel's home is old and falling apart, while Betty's is new. The home value of _ is lower.",Rachel,Betty,1,"The roof of Rachel's home is old and falling apart, while Betty's is new. The home value of Rachel is lower.","The roof of Rachel's home is old and falling apart, while Betty's is new. The home value of Betty is lower.",-42.870941095888156,-38.26794336843704,4.602997727451118,2,False
27,,All the clutter in the house excited Leslie but not Derrick because cleaning energized _ very much.,Leslie,Derrick,1,All the clutter in the house excited Leslie but not Derrick because cleaning energized Leslie very much.,All the clutter in the house excited Leslie but not Derrick because cleaning energized Derrick very much.,-49.327359019531286,-72.676591910953,23.349232891421707,1,True
28,,The portions of food today were bigger than the sizes yesterday because the _ fed more people.,portions,sizes,1,The portions of food today were bigger than the sizes yesterday because the portions fed more people.,The portions of food today were bigger than the sizes yesterday because the sizes fed more people.,-45.830380885861814,-47.18578542373143,1.3554045378696173,1,True
29,,"Since Craig threw aluminum cans in the trash and Benjamin recycled, _ was environmentally irresponsible.",Craig,Benjamin,1,"Since Craig threw aluminum cans in the trash and Benjamin recycled, Craig was environmentally irresponsible.","Since Craig threw aluminum cans in the trash and Benjamin recycled, Benjamin was environmentally irresponsible.",-62.30027823386263,-60.38040058119441,1.9198776526682195,2,False
30,,"Christine was going to Jessica's house to do some cleaning in the kitchen, because _ was a energetic person.",Christine,Jessica,1,"Christine was going to Jessica's house to do some cleaning in the kitchen, because Christine was a energetic person.","Christine was going to Jessica's house to do some cleaning in the kitchen, because Jessica was a energetic person.",-47.08773751269473,-42.78158084111419,4.306156671580538,2,False
31,,"The students were at their desks taking tests with pencils, they used the _ to hold the papers.",desks,pencils,1,"The students were at their desks taking tests with pencils, they used the desks to hold the papers.","The students were at their desks taking tests with pencils, they used the pencils to hold the papers.",-34.63672058156226,-31.20801680686418,3.4287037746980786,2,False
32,,Mary thought poodles were a cool dog but Rachel thought Great Danes were cooler. _ bought a small dog bed for their pet.,Mary,Rachel,1,Mary thought poodles were a cool dog but Rachel thought Great Danes were cooler. Mary bought a small dog bed for their pet.,Mary thought poodles were a cool dog but Rachel thought Great Danes were cooler. Rachel bought a small dog bed for their pet.,-58.14152138493955,-58.65535216266289,0.5138307777233422,1,True
33,,Mary thought poodles were a cool dog but Rachel thought Great Danes were cooler. _ bought a gigantic dog bed for their pet.,Mary,Rachel,2,Mary thought poodles were a cool dog but Rachel thought Great Danes were cooler. Mary bought a gigantic dog bed for their pet.,Mary thought poodles were a cool dog but Rachel thought Great Danes were cooler. Rachel bought a gigantic dog bed for their pet.,-63.30935211293399,-63.5925335008651,0.2831813879311085,1,False
34,,"Leslie had a lot of issues that Kyle was tired of dealing with, so _ felt abandoned when they finally moved out.",Leslie,Kyle,1,"Leslie had a lot of issues that Kyle was tired of dealing with, so Leslie felt abandoned when they finally moved out.","Leslie had a lot of issues that Kyle was tired of dealing with, so Kyle felt abandoned when they finally moved out.",-40.13451480616641,-35.92841959375073,4.206095212415676,2,False
35,,"Jessica enjoyed a simple, basic life with Betty, but _ was bored having a quiet existence.",Jessica,Betty,2,"Jessica enjoyed a simple, basic life with Betty, but Jessica was bored having a quiet existence.","Jessica enjoyed a simple, basic life with Betty, but Betty was bored having a quiet existence.",-53.171029968652874,-55.84836846543476,2.6773384967818856,1,False
36,,I wanted to build a bathroom on the third floor of the house but I couldn't because the _ would be too full.,bathroom,floor,2,I wanted to build a bathroom on the third floor of the house but I couldn't because the bathroom would be too full.,I wanted to build a bathroom on the third floor of the house but I couldn't because the floor would be too full.,-20.98866004169247,-28.41503199702879,7.426371955336322,1,False
37,,Joel researched laws and helped to open a preschool for Eric. Because _ is very good with kids.,Joel,Eric,2,Joel researched laws and helped to open a preschool for Eric. Because Joel is very good with kids.,Joel researched laws and helped to open a preschool for Eric. Because Eric is very good with kids.,-60.76198366470635,-62.586633555591106,1.824649890884757,1,False
38,,"Tanya told Emily she couldn't come to work because her cat had an infection, but _ was lying.",Tanya,Emily,1,"Tanya told Emily she couldn't come to work because her cat had an infection, but Tanya was lying.","Tanya told Emily she couldn't come to work because her cat had an infection, but Emily was lying.",-25.198930733806264,-27.82340557309783,2.6244748392915653,1,True
39,,"Angela thinks her husband might be cheating with Lindsey, and _ confesses at the dinner party.",Angela,Lindsey,2,"Angela thinks her husband might be cheating with Lindsey, and Angela confesses at the dinner party.","Angela thinks her husband might be cheating with Lindsey, and Lindsey confesses at the dinner party.",-44.32864000694826,-39.440603610826656,4.888036396121606,2,True
40,,"Donald's understanding of math isn't as good as Joseph's, so _ is more likely a professor.",Donald,Joseph,2,"Donald's understanding of math isn't as good as Joseph's, so Donald is more likely a professor.","Donald's understanding of math isn't as good as Joseph's, so Joseph is more likely a professor.",-27.67399080955419,-33.448631904366714,5.774641094812523,1,False
41,,Brian was jealous of Brett's new car because _ couldn't afford to buy a new car.,Brian,Brett,1,Brian was jealous of Brett's new car because Brian couldn't afford to buy a new car.,Brian was jealous of Brett's new car because Brett couldn't afford to buy a new car.,-22.33341047962938,-16.547133001982615,5.786277477646763,2,False
42,,The man used  his eyes to read the letters but the _ were too small.,letters,eyes,1,The man used his eyes to read the letters but the letters were too small.,The man used his eyes to read the letters but the eyes were too small.,-20.373561170126777,-27.95238560991129,7.578824439784512,1,True
43,,Jill was on a budget so she only bought a new dress for the ceremony and wore an old hat. She figured the _ would be less noticeable.,dress,hat,2,Jill was on a budget so she only bought a new dress for the ceremony and wore an old hat. She figured the dress would be less noticeable.,Jill was on a budget so she only bought a new dress for the ceremony and wore an old hat. She figured the hat would be less noticeable.,-52.84442115575075,-47.84447298105806,4.99994817469269,2,True
44,,Jill was on a budget so she only bought a new dress for the ceremony and wore an old hat. She figured the _ would be more noticeable.,dress,hat,1,Jill was on a budget so she only bought a new dress for the ceremony and wore an old hat. She figured the dress would be more noticeable.,Jill was on a budget so she only bought a new dress for the ceremony and wore an old hat. She figured the hat would be more noticeable.,-54.348384998738766,-50.46180940978229,3.8865755889564753,2,False
45,,"On Monday, Patricia made Felicia eggs for an early breakfast, but _ does not like fried eggs.",Patricia,Felicia,2,"On Monday, Patricia made Felicia eggs for an early breakfast, but Patricia does not like fried eggs.","On Monday, Patricia made Felicia eggs for an early breakfast, but Felicia does not like fried eggs.",-49.200381686445326,-62.282345369516406,13.08196368307108,1,False
46,,"Since Craig wears clear contacts and William wears colored ones, it is safe to assume that _ loves the color of their eyes.",Craig,William,1,"Since Craig wears clear contacts and William wears colored ones, it is safe to assume that Craig loves the color of their eyes.","Since Craig wears clear contacts and William wears colored ones, it is safe to assume that William loves the color of their eyes.",-48.96697827879689,-49.999455569854035,1.0324772910571482,1,True
47,,"Since Craig wears clear contacts and William wears colored ones, it is safe to assume that _ dislikes the color of their eyes.",Craig,William,2,"Since Craig wears clear contacts and William wears colored ones, it is safe to assume that Craig dislikes the color of their eyes.","Since Craig wears clear contacts and William wears colored ones, it is safe to assume that William dislikes the color of their eyes.",-42.28433001763187,-43.570089911245304,1.285759893613431,1,False
48,,It was easy for Angela to become a vegetarian although Kayla couldn't do it. _ really missed the taste of chicken.,Angela,Kayla,2,It was easy for Angela to become a vegetarian although Kayla couldn't do it. Angela really missed the taste of chicken.,It was easy for Angela to become a vegetarian although Kayla couldn't do it. Kayla really missed the taste of chicken.,-44.347642660672136,-42.57106373498755,1.7765789256845892,2,True
49,,Hunter was a better baker than Logan so _ made the kitchen a mess when they tried to make an apple pie.,Hunter,Logan,2,Hunter was a better baker than Logan so Hunter made the kitchen a mess when they tried to make an apple pie.,Hunter was a better baker than Logan so Logan made the kitchen a mess when they tried to make an apple pie.,-37.549864663160406,-38.484948388591874,0.9350837254314683,1,False
50,,Tanya spent more on the children's birthday party than Amy. _ thought a magician was a good use of funds.,Tanya,Amy,1,Tanya spent more on the children's birthday party than Amy. Tanya thought a magician was a good use of funds.,Tanya spent more on the children's birthday party than Amy. Amy thought a magician was a good use of funds.,-61.5836137138258,-63.51395704258357,1.9303433287577718,1,True
51,,Judy bought new brushes to paint the etched glasses crack but it didn't fit. The _ was too wide.,brush,crack,1,Judy bought new brushes to paint the etched glasses crack but it didn't fit. The brush was too wide.,Judy bought new brushes to paint the etched glasses crack but it didn't fit. The crack was too wide.,-82.50799817637377,-78.90141545651568,3.606582719858096,2,False
52,,Judy bought new brushes to paint the etched glasses crack but it didn't fit. The _ was too narrow.,brush,crack,2,Judy bought new brushes to paint the etched glasses crack but it didn't fit. The brush was too narrow.,Judy bought new brushes to paint the etched glasses crack but it didn't fit. The crack was too narrow.,-82.86800390054665,-81.83992304323692,1.0280808573097318,2,True
53,,I look forward to the Sunday newspaper so I can look at the comics.  This is the only reason I still get the _ in this day and age.,newspaper,comics,1,I look forward to the Sunday newspaper so I can look at the comics. This is the only reason I still get the newspaper in this day and age.,I look forward to the Sunday newspaper so I can look at the comics. This is the only reason I still get the comics in this day and age.,-37.27831539444742,-34.67449700963334,2.603818384814076,2,False
54,,Jennifer was more of a morning person than Natalie although _ always went to bed early and got a good night's rest.,Jennifer,Natalie,2,Jennifer was more of a morning person than Natalie although Jennifer always went to bed early and got a good night's rest.,Jennifer was more of a morning person than Natalie although Natalie always went to bed early and got a good night's rest.,-29.800797276396224,-27.643558450949968,2.1572388254462567,2,True
55,,Jennifer was more of a morning person than Natalie because _ always went to bed early and got a good night's rest.,Jennifer,Natalie,1,Jennifer was more of a morning person than Natalie because Jennifer always went to bed early and got a good night's rest.,Jennifer was more of a morning person than Natalie because Natalie always went to bed early and got a good night's rest.,-22.821038891444005,-21.841649080357456,0.9793898110865484,2,False
56,,"Alcohol is a love of Matthew's, but Ryan can't stand the stuff because _ is a sober alcoholic.",Matthew,Ryan,2,"Alcohol is a love of Matthew's, but Ryan can't stand the stuff because Matthew is a sober alcoholic.","Alcohol is a love of Matthew's, but Ryan can't stand the stuff because Ryan is a sober alcoholic.",-47.355659122958514,-54.605616194626236,7.249957071667723,1,False
57,,Joe brought the horse out to the country quite a distance and gave him food but the _ was too much.,food,distance,2,Joe brought the horse out to the country quite a distance and gave him food but the food was too much.,Joe brought the horse out to the country quite a distance and gave him food but the distance was too much.,-51.39551525376737,-58.88040893897414,7.484893685206771,1,False
58,,"Randy gave their heart to Brian, and _ soon told them that they should have kept their heart to themselves.",Randy,Brian,2,"Randy gave their heart to Brian, and Randy soon told them that they should have kept their heart to themselves.","Randy gave their heart to Brian, and Brian soon told them that they should have kept their heart to themselves.",-43.57527040387504,-38.11332988506183,5.461940518813208,2,True
59,,"Nick wanted to play a game on the floor, but Dennis was hesitant because of his knees. _ was disappointed.",Nick,Dennis,1,"Nick wanted to play a game on the floor, but Dennis was hesitant because of his knees. Nick was disappointed.","Nick wanted to play a game on the floor, but Dennis was hesitant because of his knees. Dennis was disappointed.",-38.60417471918481,-32.803584318156936,5.8005904010278755,2,False
60,,"Although she was being prosecuted, Monica was welcomed into the sanctuary of the church by Samantha because _ was a sinful criminal.",Monica,Samantha,1,"Although she was being prosecuted, Monica was welcomed into the sanctuary of the church by Samantha because Monica was a sinful criminal.","Although she was being prosecuted, Monica was welcomed into the sanctuary of the church by Samantha because Samantha was a sinful criminal.",-53.34081180416979,-51.25151579338126,2.08929601078853,2,False
61,,"The battle was less fierce than the great war, because the _ lasted one year.",battle,war,2,"The battle was less fierce than the great war, because the battle lasted one year.","The battle was less fierce than the great war, because the war lasted one year.",-25.40861450135708,-23.37671609967947,2.0318984016776085,2,True
62,,"Laura used too much super glue on Erins hands, so _ needed to get to the doctor to separate their hands.",Laura,Erin,2,"Laura used too much super glue on Erins hands, so Laura needed to get to the doctor to separate their hands.","Laura used too much super glue on Erins hands, so Erin needed to get to the doctor to separate their hands.",-49.09814751779777,-45.37377421828569,3.724373299512081,2,True
63,,James panicked when his phone fell on the table thinking it will break but the _ is soft.,phone,table,2,James panicked when his phone fell on the table thinking it will break but the phone is soft.,James panicked when his phone fell on the table thinking it will break but the table is soft.,-52.57514823414385,-57.71159657090902,5.13644833676517,1,False
64,,James panicked when his phone fell on the table thinking it will break but the _ is strong.,phone,table,1,James panicked when his phone fell on the table thinking it will break but the phone is strong.,James panicked when his phone fell on the table thinking it will break but the table is strong.,-47.875272108241916,-53.570928141474724,5.695656033232808,1,True
65,,John cannot touch the cup as it was just brought out of the refrigerator. He wanted some air to blow around it. The _ is very warm.,cup,air,2,John cannot touch the cup as it was just brought out of the refrigerator. He wanted some air to blow around it. The cup is very warm.,John cannot touch the cup as it was just brought out of the refrigerator. He wanted some air to blow around it. The air is very warm.,-57.7667432987364,-63.61708624800667,5.850342949270271,1,False
66,,The fireman used several rags to polish the nozzles on the fire hose; when he was done the _ were dirty.,nozzles,rags,2,The fireman used several rags to polish the nozzles on the fire hose; when he was done the nozzles were dirty.,The fireman used several rags to polish the nozzles on the fire hose; when he was done the rags were dirty.,-34.01696746749718,-29.81057548309036,4.206391984406821,2,True
67,,"Mary wanted to get another piercing in her ear, but the _ was much too tiny.",ear,piercing,1,"Mary wanted to get another piercing in her ear, but the ear was much too tiny.","Mary wanted to get another piercing in her ear, but the piercing was much too tiny.",-37.844876823186496,-35.53312716624714,2.311749656939355,2,False
68,,"Mary wanted to get another piercing in her ear, but the _ was much too huge.",ear,piercing,2,"Mary wanted to get another piercing in her ear, but the ear was much too huge.","Mary wanted to get another piercing in her ear, but the piercing was much too huge.",-39.68544548966747,-36.93764130885393,2.747804180813546,2,True
69,,Laura just loved the taste of green beans but Felicia hated the taste of them. _ didn't have a second serving.,Laura,Felicia,2,Laura just loved the taste of green beans but Felicia hated the taste of them. Laura didn't have a second serving.,Laura just loved the taste of green beans but Felicia hated the taste of them. Felicia didn't have a second serving.,-58.8207915424573,-59.06597618503656,0.24518464257926098,1,False
70,,The bartender cut Carrie off but continued to serve Emily because _ was too drunk.,Carrie,Emily,1,The bartender cut Carrie off but continued to serve Emily because Carrie was too drunk.,The bartender cut Carrie off but continued to serve Emily because Emily was too drunk.,-31.61999027985439,-37.10609167686198,5.486101397007587,1,True
71,,Blaze always wore a t-shirt instead of a shirt because he thought that the _ was stuffy and old fashioned.,shirt,t-shirt,1,Blaze always wore a t-shirt instead of a shirt because he thought that the shirt was stuffy and old fashioned.,Blaze always wore a t-shirt instead of a shirt because he thought that the t-shirt was stuffy and old fashioned.,-26.766901504222915,-24.217396334308887,2.5495051699140276,2,False
72,,"The paint would melt in the sun, so we used a varnish instead, since the _ was susceptible to heat.",paint,varnish,1,"The paint would melt in the sun, so we used a varnish instead, since the paint was susceptible to heat.","The paint would melt in the sun, so we used a varnish instead, since the varnish was susceptible to heat.",-24.16324999043718,-26.26408797385011,2.10083798341293,1,True
73,,"I tried to make mini lamps by using glow sticks in mason jars, but had to get larger jars because the _ were too big.",glow sticks,jars,1,"I tried to make mini lamps by using glow sticks in mason jars, but had to get larger jars because the glow sticks were too big.","I tried to make mini lamps by using glow sticks in mason jars, but had to get larger jars because the jars were too big.",-51.044638789840974,-55.77328162743652,4.728642837595544,1,True
74,,Joel always liked to turn the heater up higher than Joseph did for the reason that _ was never cold.,Joel,Joseph,2,Joel always liked to turn the heater up higher than Joseph did for the reason that Joel was never cold.,Joel always liked to turn the heater up higher than Joseph did for the reason that Joseph was never cold.,-36.42872869467101,-43.90422899470286,7.475500300031854,1,False
75,,Joel always liked to turn the heater up higher than Joseph did for the reason that _ was always cold.,Joel,Joseph,1,Joel always liked to turn the heater up higher than Joseph did for the reason that Joel was always cold.,Joel always liked to turn the heater up higher than Joseph did for the reason that Joseph was always cold.,-35.460461176378885,-41.57556151387689,6.115100337498006,1,True
76,,The teen found the new hat was no substitute for his cool shirt.  The _ was just cool to wear to school.,hat,shirt,2,The teen found the new hat was no substitute for his cool shirt. The hat was just cool to wear to school.,The teen found the new hat was no substitute for his cool shirt. The shirt was just cool to wear to school.,-50.53322143107653,-52.46179797593504,1.9285765448585153,1,False
77,,Mary was helping Patricia's daughter put on makeup but  _ watches a lot of makeup tutorials.,Mary,Patricia,2,Mary was helping Patricia's daughter put on makeup but Mary watches a lot of makeup tutorials.,Mary was helping Patricia's daughter put on makeup but Patricia watches a lot of makeup tutorials.,-50.2367021165046,-47.555206162880495,2.6814959536241076,2,True
78,,Mary was helping Patricia's daughter put on makeup because _ watches a lot of makeup tutorials.,Mary,Patricia,1,Mary was helping Patricia's daughter put on makeup because Mary watches a lot of makeup tutorials.,Mary was helping Patricia's daughter put on makeup because Patricia watches a lot of makeup tutorials.,-46.824888923816616,-40.95801361218764,5.866875311628974,2,False
79,,"He wanted to kill time at the house instead of the playground, because everyone at the _ was fun.",playground,house,2,"He wanted to kill time at the house instead of the playground, because everyone at the playground was fun.","He wanted to kill time at the house instead of the playground, because everyone at the house was fun.",-46.751857677823864,-49.070968648113194,2.31911097028933,1,False
80,,"Aaron didn't know Dennis had a peanut allergy, so when _ made peanut chicken an ambulance was called.",Aaron,Dennis,1,"Aaron didn't know Dennis had a peanut allergy, so when Aaron made peanut chicken an ambulance was called.","Aaron didn't know Dennis had a peanut allergy, so when Dennis made peanut chicken an ambulance was called.",-41.22747257119585,-35.38948548935147,5.837987081844375,2,False
81,,"Aaron didn't know Dennis had a peanut allergy, so when _ ate peanut chicken an ambulance was called.",Aaron,Dennis,2,"Aaron didn't know Dennis had a peanut allergy, so when Aaron ate peanut chicken an ambulance was called.","Aaron didn't know Dennis had a peanut allergy, so when Dennis ate peanut chicken an ambulance was called.",-38.60889600475272,-32.99569536888884,5.613200635863883,2,True
82,,"God liked to control the day and the night, but the _ was too bright.",day,night,1,"God liked to control the day and the night, but the day was too bright.","God liked to control the day and the night, but the night was too bright.",-30.003923506999854,-32.164285208215006,2.1603617012151517,1,True
83,,"Brett asked Joel for advice and guidance about waxing his mustache, and afterwards _ felt burdened.",Brett,Joel,2,"Brett asked Joel for advice and guidance about waxing his mustache, and afterwards Brett felt burdened.","Brett asked Joel for advice and guidance about waxing his mustache, and afterwards Joel felt burdened.",-40.23923970453325,-35.965459959348664,4.273779745184584,2,True
84,,The filter in the living room needed to be changed more often than the one in the bedroom because the _ was dirtier.,living room,bedroom,1,The filter in the living room needed to be changed more often than the one in the bedroom because the living room was dirtier.,The filter in the living room needed to be changed more often than the one in the bedroom because the bedroom was dirtier.,-31.16527474141185,-35.766989028536045,4.601714287124196,1,True
85,,The filter in the living room needed to be changed more often than the one in the bedroom because the _ was cleaner.,living room,bedroom,2,The filter in the living room needed to be changed more often than the one in the bedroom because the living room was cleaner.,The filter in the living room needed to be changed more often than the one in the bedroom because the bedroom was cleaner.,-32.93892115282506,-36.028960443291,3.0900392904659384,1,False
86,,Amy went over to the waiting room at the hospital to calm Samantha because _ was placid.,Amy,Samantha,1,Amy went over to the waiting room at the hospital to calm Samantha because Amy was placid.,Amy went over to the waiting room at the hospital to calm Samantha because Samantha was placid.,-41.33284261167864,-33.42611499110353,7.906727620575111,2,False
87,,Megan forgot to buy deodorant at the store so they borrowed Jessica's deodorant and _ never found out.,Megan,Jessica,2,Megan forgot to buy deodorant at the store so they borrowed Jessica's deodorant and Megan never found out.,Megan forgot to buy deodorant at the store so they borrowed Jessica's deodorant and Jessica never found out.,-38.58504956439083,-40.104583505333494,1.5195339409426651,1,False
88,,Megan forgot to buy deodorant at the store so they borrowed Jessica's deodorant and _ hoped they never found out.,Megan,Jessica,1,Megan forgot to buy deodorant at the store so they borrowed Jessica's deodorant and Megan hoped they never found out.,Megan forgot to buy deodorant at the store so they borrowed Jessica's deodorant and Jessica hoped they never found out.,-38.03200674482656,-39.80590967091376,1.773902926087203,1,True
89,,"Amy thought she was the mirror image of Natalie , but _ could not be convinced to see the similarity.",Amy,Natalie,2,"Amy thought she was the mirror image of Natalie , but Amy could not be convinced to see the similarity.","Amy thought she was the mirror image of Natalie , but Natalie could not be convinced to see the similarity.",-29.714908390771598,-33.54699025861919,3.8320818678475916,1,False
90,,"Amy thought she was the mirror image of Natalie , but _ could not persuade her to see the similarity.",Amy,Natalie,1,"Amy thought she was the mirror image of Natalie , but Amy could not persuade her to see the similarity.","Amy thought she was the mirror image of Natalie , but Natalie could not persuade her to see the similarity.",-32.5848012525239,-35.53224927734118,2.9474480248172767,1,True
91,,I helped my sister find her gold necklace. She couldn't wear her woven necklace to the ball because the _ was so casual.,woven necklace,ball,1,I helped my sister find her gold necklace. She couldn't wear her woven necklace to the ball because the woven necklace was so casual.,I helped my sister find her gold necklace. She couldn't wear her woven necklace to the ball because the ball was so casual.,-51.10338387308184,-48.0659873210534,3.03739655202844,2,False
92,,"Emily never had as much money to spend as Carrie, because _ had a good job.",Emily,Carrie,2,"Emily never had as much money to spend as Carrie, because Emily had a good job.","Emily never had as much money to spend as Carrie, because Carrie had a good job.",-32.0977875640383,-24.32865697791567,7.769130586122628,2,True
93,,"The wooden doors at my friends work are worse than the wooden desks at my work, because the _ material is cheaper.",doors,desks,1,"The wooden doors at my friends work are worse than the wooden desks at my work, because the doors material is cheaper.","The wooden doors at my friends work are worse than the wooden desks at my work, because the desks material is cheaper.",-67.70771877281368,-55.23621872998774,12.471500042825937,2,False
94,,"The wooden doors at my friends work are worse than the wooden desks at my work, because the _ material is stronger.",doors,desks,2,"The wooden doors at my friends work are worse than the wooden desks at my work, because the doors material is stronger.","The wooden doors at my friends work are worse than the wooden desks at my work, because the desks material is stronger.",-67.01690880791284,-54.01678682444617,13.00012198346667,2,True
95,,The arrow stuck to the bark but not the stone because the _ was flimsy.,bark,stone,1,The arrow stuck to the bark but not the stone because the bark was flimsy.,The arrow stuck to the bark but not the stone because the stone was flimsy.,-19.476996087767475,-23.053612254356267,3.576616166588792,1,True
96,,The arrow stuck to the bark but not the stone because the _ was hard.,bark,stone,2,The arrow stuck to the bark but not the stone because the bark was hard.,The arrow stuck to the bark but not the stone because the stone was hard.,-20.93658132571727,-24.951439780183136,4.014858454465866,1,False
97,,The leg of the pig body stuck out of the grave where it was buried because the _ is large.,body,grave,1,The leg of the pig body stuck out of the grave where it was buried because the body is large.,The leg of the pig body stuck out of the grave where it was buried because the grave is large.,-50.10515234898776,-49.12059521302581,0.9845571359619498,2,False
98,,The sheet recovered can easily be hiding between the space in the door. The _ is thin.,sheet,space,1,The sheet recovered can easily be hiding between the space in the door. The sheet is thin.,The sheet recovered can easily be hiding between the space in the door. The space is thin.,-67.79504641145468,-81.91282155737281,14.11777514591813,1,True
99,,The sheet recovered can easily be hiding between the space in the door. The _ is wide.,sheet,space,2,The sheet recovered can easily be hiding between the space in the door. The sheet is wide.,The sheet recovered can easily be hiding between the space in the door. The space is wide.,-76.67579907551408,-80.23724754154682,3.5614484660327435,1,False
100,,Mike doesn't like the table in his living room as much as the couch. The _ resonates with the other decorations.,table,couch,2,Mike doesn't like the table in his living room as much as the couch. The table resonates with the other decorations.,Mike doesn't like the table in his living room as much as the couch. The couch resonates with the other decorations.,-32.89034224436727,-35.19329071465017,2.3029484702828995,1,False
101,,Steven believes they can buy happiness but Craig thinks otherwise as _ is very realistic.,Steven,Craig,2,Steven believes they can buy happiness but Craig thinks otherwise as Steven is very realistic.,Steven believes they can buy happiness but Craig thinks otherwise as Craig is very realistic.,-47.69304009201005,-48.26335675874725,0.5703166667371988,1,False
102,,Steven believes they can buy happiness but Craig thinks otherwise as _ is very materialistic.,Steven,Craig,1,Steven believes they can buy happiness but Craig thinks otherwise as Steven is very materialistic.,Steven believes they can buy happiness but Craig thinks otherwise as Craig is very materialistic.,-42.36867648595944,-44.84852917119861,2.479852685239166,1,True
103,,They brought the cornhole supplies to the camp site so they could play while adults cooked dinner.  The boys really enjoyed the _ after the game.,cornhole,dinner,2,They brought the cornhole supplies to the camp site so they could play while adults cooked dinner. The boys really enjoyed the cornhole after the game.,They brought the cornhole supplies to the camp site so they could play while adults cooked dinner. The boys really enjoyed the dinner after the game.,-54.136494667924126,-77.86781404912472,23.731319381200592,1,False
104,,The game of chess was easy to play for Angela but not Rebecca because _ had a analytical mind.,Angela,Rebecca,1,The game of chess was easy to play for Angela but not Rebecca because Angela had a analytical mind.,The game of chess was easy to play for Angela but not Rebecca because Rebecca had a analytical mind.,-40.55614307936048,-51.488034907059046,10.931891827698564,1,True
105,,The game of chess was easy to play for Angela but not Rebecca because  _ did not have an analytical mind.,Angela,Rebecca,2,The game of chess was easy to play for Angela but not Rebecca because Angela did not have an analytical mind.,The game of chess was easy to play for Angela but not Rebecca because Rebecca did not have an analytical mind.,-29.98958702693926,-40.2655890416936,10.27600201475434,1,False
106,,"To pay for dinner, he used the credit card rather than cash. The _ was not available.",cash,card,1,"To pay for dinner, he used the credit card rather than cash. The cash was not available.","To pay for dinner, he used the credit card rather than cash. The card was not available.",-21.794569308229256,-21.40040294031496,0.3941663679142948,2,False
107,,"The plan devised by Christine to get Kayla to like them failed, as _ did not really try it.",Christine,Kayla,1,"The plan devised by Christine to get Kayla to like them failed, as Christine did not really try it.","The plan devised by Christine to get Kayla to like them failed, as Kayla did not really try it.",-44.9818848989089,-40.65306775170029,4.3288171472086105,2,False
108,,"Since the diabetic woman had to limit her sugar intake, she ignored the pie and had a cookie instead because the _ was full of sugar.",pie,cookie,1,"Since the diabetic woman had to limit her sugar intake, she ignored the pie and had a cookie instead because the pie was full of sugar.","Since the diabetic woman had to limit her sugar intake, she ignored the pie and had a cookie instead because the cookie was full of sugar.",-37.13877865378163,-36.73350773957645,0.40527091420517536,2,False
109,,"The doctor offered to treat the patient's illness quickly with surgery or slowly with diet, and the patient refused the _ because he felt it was dangerous.",diet,surgery,2,"The doctor offered to treat the patient's illness quickly with surgery or slowly with diet, and the patient refused the diet because he felt it was dangerous.","The doctor offered to treat the patient's illness quickly with surgery or slowly with diet, and the patient refused the surgery because he felt it was dangerous.",-43.84007113635379,-37.26956896345655,6.570502172897243,2,True
110,,Throughout the practice Rachel pushed the limits of Megan to get ready for the game because _ was the coach.,Rachel,Megan,1,Throughout the practice Rachel pushed the limits of Megan to get ready for the game because Rachel was the coach.,Throughout the practice Rachel pushed the limits of Megan to get ready for the game because Megan was the coach.,-44.4454758008942,-49.22859513107687,4.7831193301826715,1,True
111,,Throughout the practice Rachel pushed the limits of Megan to get ready for the game because _ was the athlete.,Rachel,Megan,2,Throughout the practice Rachel pushed the limits of Megan to get ready for the game because Rachel was the athlete.,Throughout the practice Rachel pushed the limits of Megan to get ready for the game because Megan was the athlete.,-48.84569847397506,-53.6108391424641,4.765140668489039,1,False
112,,"Sarah was quickly promoted to manager over Kayla, because _ excelled at angering other people.",Sarah,Kayla,2,"Sarah was quickly promoted to manager over Kayla, because Sarah excelled at angering other people.","Sarah was quickly promoted to manager over Kayla, because Kayla excelled at angering other people.",-37.31873732362874,-30.49568785208976,6.82304947153898,2,True
113,,"Brett was browsing the internet while he found the information unlike Randy, _ prefers using books.",Brett,Randy,2,"Brett was browsing the internet while he found the information unlike Randy, Brett prefers using books.","Brett was browsing the internet while he found the information unlike Randy, Randy prefers using books.",-78.55712954705814,-76.0801816075691,2.476947939489037,2,True
114,,Dennis knows that Jeffrey is an animal lover and _ knows he wants to go to the zoo to see them.,Dennis,Jeffrey,1,Dennis knows that Jeffrey is an animal lover and Dennis knows he wants to go to the zoo to see them.,Dennis knows that Jeffrey is an animal lover and Jeffrey knows he wants to go to the zoo to see them.,-27.628140786575386,-28.48677053087158,0.858629744296195,1,True
115,,"Betty drank chocolate shakes while Elena drank carrot juice, and _ had a very healthy diet.",Betty,Elena,2,"Betty drank chocolate shakes while Elena drank carrot juice, and Betty had a very healthy diet.","Betty drank chocolate shakes while Elena drank carrot juice, and Elena had a very healthy diet.",-51.57076768117258,-48.867407480749534,2.703360200423049,2,True
116,,"Betty drank chocolate shakes while Elena drank carrot juice, and _ had a very unhealthy diet.",Betty,Elena,1,"Betty drank chocolate shakes while Elena drank carrot juice, and Betty had a very unhealthy diet.","Betty drank chocolate shakes while Elena drank carrot juice, and Elena had a very unhealthy diet.",-49.10263311535891,-46.59056237028199,2.512070745076926,2,False
117,,"Carrie posted their sofa for sale on Craigslist, and had received an offer they had to decline because the _ is valuable.",offer,sofa,2,"Carrie posted their sofa for sale on Craigslist, and had received an offer they had to decline because the offer is valuable.","Carrie posted their sofa for sale on Craigslist, and had received an offer they had to decline because the sofa is valuable.",-72.00908899429487,-53.9767016962287,18.03238729806617,2,True
118,,"I picked up some leaves to put in the books and dry, but they didn't fit because the _ were too small.",leaves,books,2,"I picked up some leaves to put in the books and dry, but they didn't fit because the leaves were too small.","I picked up some leaves to put in the books and dry, but they didn't fit because the books were too small.",-37.113157137909184,-39.046499032677275,1.9333418947680912,1,False
119,,"I picked up some leaves to put in the books and dry, but they didn't fit because the _ were too massive.",leaves,books,1,"I picked up some leaves to put in the books and dry, but they didn't fit because the leaves were too massive.","I picked up some leaves to put in the books and dry, but they didn't fit because the books were too massive.",-40.84248002120694,-43.75220589028777,2.9097258690808303,1,True
120,,The president had their speech at the auditorium rather than the park because the _ was bigger.,auditorium,park,1,The president had their speech at the auditorium rather than the park because the auditorium was bigger.,The president had their speech at the auditorium rather than the park because the park was bigger.,-38.660969661548734,-34.676692937500775,3.984276724047959,2,False
121,,The president had their speech at the auditorium rather than the park because the _ was smaller.,auditorium,park,2,The president had their speech at the auditorium rather than the park because the auditorium was smaller.,The president had their speech at the auditorium rather than the park because the park was smaller.,-38.78254909161478,-32.40741833485663,6.375130756758153,2,True
122,,"When Steven found that their T-shirt had shrunk in the laundry, Robert's first reaction was to laugh, and _ then became angry.",Steven,Robert,1,"When Steven found that their T-shirt had shrunk in the laundry, Robert's first reaction was to laugh, and Steven then became angry.","When Steven found that their T-shirt had shrunk in the laundry, Robert's first reaction was to laugh, and Robert then became angry.",-43.02753904447866,-46.10776762408864,3.0802285796099795,1,True
123,,"When Steven found that their T-shirt had shrunk in the laundry, Robert's first reaction was to laugh, and _ became apologetic.",Steven,Robert,2,"When Steven found that their T-shirt had shrunk in the laundry, Robert's first reaction was to laugh, and Steven became apologetic.","When Steven found that their T-shirt had shrunk in the laundry, Robert's first reaction was to laugh, and Robert became apologetic.",-47.10912887704518,-51.75742432624543,4.648295449200248,1,False
124,,She counted her calories for her diet and found she needed more so she ate a brownie instead of an apple since the _ has fewer.,apple,brownie,1,She counted her calories for her diet and found she needed more so she ate a brownie instead of an apple since the apple has fewer.,She counted her calories for her diet and found she needed more so she ate a brownie instead of an apple since the brownie has fewer.,-54.42838400490291,-49.69457440806582,4.733809596837091,2,False
125,,Felicia liked wearing glasses more than braces because she could take the _ off after two years.,glasses,braces,2,Felicia liked wearing glasses more than braces because she could take the glasses off after two years.,Felicia liked wearing glasses more than braces because she could take the braces off after two years.,-38.34436011733487,-38.016105971022625,0.32825414631224703,2,True
126,,Felicia liked wearing glasses more than braces because she could take the _ off every day.,glasses,braces,1,Felicia liked wearing glasses more than braces because she could take the glasses off every day.,Felicia liked wearing glasses more than braces because she could take the braces off every day.,-31.727291313931346,-32.38705274947279,0.6597614355414407,1,True
127,,Randy's hair is dry when compared to Ian's due to _ using a strong conditioner.,Randy,Ian,2,Randy's hair is dry when compared to Ian's due to Randy using a strong conditioner.,Randy's hair is dry when compared to Ian's due to Ian using a strong conditioner.,-36.77423915083804,-36.377121240968876,0.3971179098691664,2,True
128,,"Adam was a crook and not a law-abiding citizen like Joseph, so it was surprising that _ was the one with a restraining order against him.",Adam,Joseph,2,"Adam was a crook and not a law-abiding citizen like Joseph, so it was surprising that Adam was the one with a restraining order against him.","Adam was a crook and not a law-abiding citizen like Joseph, so it was surprising that Joseph was the one with a restraining order against him.",-36.17052591429092,-36.008472626070215,0.16205328822070442,2,True
129,,"Adam was law-abiding and not a crook like Joseph, so it was surprising that _ was the one with a restraining order against him.",Adam,Joseph,1,"Adam was law-abiding and not a crook like Joseph, so it was surprising that Adam was the one with a restraining order against him.","Adam was law-abiding and not a crook like Joseph, so it was surprising that Joseph was the one with a restraining order against him.",-29.75970087272799,-29.29372507870721,0.46597579402077827,2,False
130,,The wages at the factory were lower than the wages at the plant since it was more safe to work at the _ .,plant,factory,2,The wages at the factory were lower than the wages at the plant since it was more safe to work at the plant .,The wages at the factory were lower than the wages at the plant since it was more safe to work at the factory .,-20.75238863681443,-22.37064092454966,1.6182522877352312,1,False
131,,The health of Joel was stronger than that of William due to _ being a cigar smoker.,Joel,William,2,The health of Joel was stronger than that of William due to Joel being a cigar smoker.,The health of Joel was stronger than that of William due to William being a cigar smoker.,-32.611932941217674,-36.3094414693478,3.697508528130129,1,False
132,,It was easy for Amy but not Rachel to create a meal because _ had taken woodshop in school.,Amy,Rachel,2,It was easy for Amy but not Rachel to create a meal because Amy had taken woodshop in school.,It was easy for Amy but not Rachel to create a meal because Rachel had taken woodshop in school.,-73.0196211473085,-76.0213593353983,3.001738188089803,1,False
133,,"Ann's babies were crying, and she could give them a bottle or a rattle.  She tried the _ first in case they were bored.",bottle,rattle,2,"Ann's babies were crying, and she could give them a bottle or a rattle. She tried the bottle first in case they were bored.","Ann's babies were crying, and she could give them a bottle or a rattle. She tried the rattle first in case they were bored.",-65.52352017566227,-68.85620453562478,3.3326843599625136,1,False
134,,Rebecca thought Disney movies were the best thing to watch but Samantha like horror movies better. _ rented Saw from Redbox.,Rebecca,Samantha,2,Rebecca thought Disney movies were the best thing to watch but Samantha like horror movies better. Rebecca rented Saw from Redbox.,Rebecca thought Disney movies were the best thing to watch but Samantha like horror movies better. Samantha rented Saw from Redbox.,-83.6693788098637,-92.7650148817338,9.095636071870103,1,False
135,,"The house of Aaron took some damage from the storm but not Michael's house, because _ lived farther away.",Aaron,Michael,2,"The house of Aaron took some damage from the storm but not Michael's house, because Aaron lived farther away.","The house of Aaron took some damage from the storm but not Michael's house, because Michael lived farther away.",-28.81193879199941,-28.83894270751739,0.027003915517980204,1,False
136,,"Jennifer dragged Felicia along to a self help workshop about how to succeed, because _ wanted some company.",Jennifer,Felicia,1,"Jennifer dragged Felicia along to a self help workshop about how to succeed, because Jennifer wanted some company.","Jennifer dragged Felicia along to a self help workshop about how to succeed, because Felicia wanted some company.",-51.21460512699559,-44.807883927132934,6.406721199862659,2,False
137,,Mary can read the clock in the room at night without the light even though the _ is dark.,clock,room,2,Mary can read the clock in the room at night without the light even though the clock is dark.,Mary can read the clock in the room at night without the light even though the room is dark.,-36.98352882359177,-33.89534225221723,3.0881865713745356,2,True
138,,"Logan reads a lot, while Donald almost never picks up a book because _ is a plumber.",Logan,Donald,2,"Logan reads a lot, while Donald almost never picks up a book because Logan is a plumber.","Logan reads a lot, while Donald almost never picks up a book because Donald is a plumber.",-32.03140653891023,-27.326222014962696,4.705184523947537,2,True
139,,"Logan reads a lot, while Donald almost never picks up a book because _ is a student.",Logan,Donald,1,"Logan reads a lot, while Donald almost never picks up a book because Logan is a student.","Logan reads a lot, while Donald almost never picks up a book because Donald is a student.",-33.682036780170165,-30.808880787459202,2.873155992710963,2,False
140,,Kyle wanted to crush Ryan 's dreams of becoming a movie actor. _ was a threat to him.,Kyle,Ryan,2,Kyle wanted to crush Ryan 's dreams of becoming a movie actor. Kyle was a threat to him.,Kyle wanted to crush Ryan 's dreams of becoming a movie actor. Ryan was a threat to him.,-28.885033570438964,-28.707052579295578,0.17798099114338584,2,True
141,,"The wind during the last hurricane tried to knock over their new house, but the _ was too strong.",house,wind,1,"The wind during the last hurricane tried to knock over their new house, but the house was too strong.","The wind during the last hurricane tried to knock over their new house, but the wind was too strong.",-45.37742917216383,-36.74589331500465,8.631535857159179,2,False
142,,Betty made the choice to reduce Samantha's salary after _ started cutting back on efficiency.,Betty,Samantha,2,Betty made the choice to reduce Samantha's salary after Betty started cutting back on efficiency.,Betty made the choice to reduce Samantha's salary after Samantha started cutting back on efficiency.,-42.44989855961285,-35.26946478662376,7.18043377298909,2,True
143,,"During the rescue mission, Maria pulled Rebecca away from the minefield since _ was a civilian.",Maria,Rebecca,2,"During the rescue mission, Maria pulled Rebecca away from the minefield since Maria was a civilian.","During the rescue mission, Maria pulled Rebecca away from the minefield since Rebecca was a civilian.",-33.7087652257178,-28.428386070998386,5.280379154719412,2,True
144,,The jewelry sold for less than the baseball card did since the _ was very common.,card,jewelry,2,The jewelry sold for less than the baseball card did since the card was very common.,The jewelry sold for less than the baseball card did since the jewelry was very common.,-50.31332245049998,-51.02515701635275,0.7118345658527687,1,False
145,,"Laura brought extensions to Monica at the salon, so that _ could get their dreads treated professionally.",Laura,Monica,1,"Laura brought extensions to Monica at the salon, so that Laura could get their dreads treated professionally.","Laura brought extensions to Monica at the salon, so that Monica could get their dreads treated professionally.",-70.92849665600806,-69.74538050871342,1.1831161472946405,2,False
146,,"Laura brought extensions to Monica at the salon, so that _ could treat their dreads professionally.",Laura,Monica,2,"Laura brought extensions to Monica at the salon, so that Laura could treat their dreads professionally.","Laura brought extensions to Monica at the salon, so that Monica could treat their dreads professionally.",-70.11117057781667,-68.06580204283819,2.045368534978479,2,True
147,,The installation process was simpler for the cable over the internet because the man had never installed the _ previously.,cable,internet,2,The installation process was simpler for the cable over the internet because the man had never installed the cable previously.,The installation process was simpler for the cable over the internet because the man had never installed the internet previously.,-45.2847602609545,-54.70974223874509,9.424981977790594,1,False
148,,The installation process was simpler for the cable over the internet because the man had already installed the _ previously.,cable,internet,1,The installation process was simpler for the cable over the internet because the man had already installed the cable previously.,The installation process was simpler for the cable over the internet because the man had already installed the internet previously.,-41.728977273218334,-53.546718964818865,11.817741691600531,1,True
149,,Jessica wanted Mary to help them decorate their new house because _ asked them not to do it alone.,Jessica,Mary,2,Jessica wanted Mary to help them decorate their new house because Jessica asked them not to do it alone.,Jessica wanted Mary to help them decorate their new house because Mary asked them not to do it alone.,-42.10562230477808,-39.31074033283221,2.7948819719458697,2,True
150,,William went on the ride more than Matthew did because _ thought it was scary.,William,Matthew,2,William went on the ride more than Matthew did because William thought it was scary.,William went on the ride more than Matthew did because Matthew thought it was scary.,-34.0497966716066,-32.510202086530626,1.5395945850759745,2,True
151,,"Megan took Monica to a wood shack in the mountains, because _ was a kidnapper trying to hide.",Megan,Monica,1,"Megan took Monica to a wood shack in the mountains, because Megan was a kidnapper trying to hide.","Megan took Monica to a wood shack in the mountains, because Monica was a kidnapper trying to hide.",-51.775927716400474,-44.78565311350394,6.990274602896534,2,False
152,,"At the beauty salon, Angela preferred to work on her eyebrows instead of her eyelashes because the _ were already worked on.",eyebrows,eyelashes,2,"At the beauty salon, Angela preferred to work on her eyebrows instead of her eyelashes because the eyebrows were already worked on.","At the beauty salon, Angela preferred to work on her eyebrows instead of her eyelashes because the eyelashes were already worked on.",-37.7154351570498,-37.203824421041645,0.5116107360081514,2,True
153,,Samuel tried unsuccessfully to get Brett to skip school because _ was a truant that didn't follow the rules.,Samuel,Brett,1,Samuel tried unsuccessfully to get Brett to skip school because Samuel was a truant that didn't follow the rules.,Samuel tried unsuccessfully to get Brett to skip school because Brett was a truant that didn't follow the rules.,-42.32742548940584,-27.86470556301353,14.46271992639231,2,False
154,,Kayla prepared a foot soak bath for Cynthia for their birthday so _ is pouring in water.,Kayla,Cynthia,1,Kayla prepared a foot soak bath for Cynthia for their birthday so Kayla is pouring in water.,Kayla prepared a foot soak bath for Cynthia for their birthday so Cynthia is pouring in water.,-70.20063323504291,-81.75233567599207,11.551702440949157,1,True
155,,"The man looked at the sundial since a watch or clocktower was not at his disposal, having lost the _ .",watch,clocktower,1,"The man looked at the sundial since a watch or clocktower was not at his disposal, having lost the watch .","The man looked at the sundial since a watch or clocktower was not at his disposal, having lost the clocktower .",-54.18829611281399,-45.768894917331636,8.41940119548235,2,False
156,,Hunter chose to eat a banana for breakfast every morning but Michael did not because _ is unconcerned about their health.,Hunter,Michael,2,Hunter chose to eat a banana for breakfast every morning but Michael did not because Hunter is unconcerned about their health.,Hunter chose to eat a banana for breakfast every morning but Michael did not because Michael is unconcerned about their health.,-57.3953750383298,-58.574091760776355,1.178716722446552,1,False
157,,"The IRS sent Tim a letter informing him of the audit, which could occure at the house or the office.  Tim chose a comfortable setting of the _ .",office,house,2,"The IRS sent Tim a letter informing him of the audit, which could occure at the house or the office. Tim chose a comfortable setting of the office .","The IRS sent Tim a letter informing him of the audit, which could occure at the house or the office. Tim chose a comfortable setting of the house .",-67.43751289881766,-64.05824543489143,3.379267463926226,2,True
158,,Patricia decided to buy Felicia dinner because they had been through a lot and _ just inherited some money.,Patricia,Felicia,1,Patricia decided to buy Felicia dinner because they had been through a lot and Patricia just inherited some money.,Patricia decided to buy Felicia dinner because they had been through a lot and Felicia just inherited some money.,-66.48100604652427,-71.72447486652527,5.243468820000999,1,True
159,,Patricia decided to buy Felicia dinner because they had been through a lot and _ just lost some money.,Patricia,Felicia,2,Patricia decided to buy Felicia dinner because they had been through a lot and Patricia just lost some money.,Patricia decided to buy Felicia dinner because they had been through a lot and Felicia just lost some money.,-69.38708984863479,-76.8834962391993,7.496406390564516,1,False
160,,"Sarah thought that Elena was overpacking for Hawaii, because _ had a very full suitcase.",Sarah,Elena,2,"Sarah thought that Elena was overpacking for Hawaii, because Sarah had a very full suitcase.","Sarah thought that Elena was overpacking for Hawaii, because Elena had a very full suitcase.",-65.9209870309569,-59.70127871353179,6.219708317425102,2,True
161,,William liked to be outside more than Kyle so _ spent time arguing against getting a pool.,William,Kyle,2,William liked to be outside more than Kyle so William spent time arguing against getting a pool.,William liked to be outside more than Kyle so Kyle spent time arguing against getting a pool.,-58.64364145236323,-64.61145139075961,5.967809938396385,1,False
162,,William liked to be outside more than Kyle so _ spent time arguing for getting a pool.,William,Kyle,1,William liked to be outside more than Kyle so William spent time arguing for getting a pool.,William liked to be outside more than Kyle so Kyle spent time arguing for getting a pool.,-68.88696797749435,-73.16737021334848,4.280402235854126,1,True
163,,"John never mentioned his canoe, but had a long conversation with Ron about the raft, because John rarely used the _ .",canoe,raft,1,"John never mentioned his canoe, but had a long conversation with Ron about the raft, because John rarely used the canoe .","John never mentioned his canoe, but had a long conversation with Ron about the raft, because John rarely used the raft .",-46.15406952681951,-41.698747435584664,4.455322091234848,2,False
164,,"Monica gives Jessica a book about posture, because _ has been trying to get better at ballet dancing.",Monica,Jessica,2,"Monica gives Jessica a book about posture, because Monica has been trying to get better at ballet dancing.","Monica gives Jessica a book about posture, because Jessica has been trying to get better at ballet dancing.",-50.425744863110594,-45.555517019631225,4.87022784347937,2,True
165,,My gun was inspected with a cloth to make sure it worked fine. The _ was hard.,cloth,gun,2,My gun was inspected with a cloth to make sure it worked fine. The cloth was hard.,My gun was inspected with a cloth to make sure it worked fine. The gun was hard.,-47.6879299387183,-43.86465923025389,3.823270708464406,2,True
166,,My gun was inspected with a cloth to make sure it worked fine. The _ was soft.,cloth,gun,1,My gun was inspected with a cloth to make sure it worked fine. The cloth was soft.,My gun was inspected with a cloth to make sure it worked fine. The gun was soft.,-42.44276668423481,-45.244152569059224,2.8013858848244126,1,True
167,,"At the estate sale, John saw the hammer was more affordable than the screwdriver, because the _ was used.",hammer,screwdriver,1,"At the estate sale, John saw the hammer was more affordable than the screwdriver, because the hammer was used.","At the estate sale, John saw the hammer was more affordable than the screwdriver, because the screwdriver was used.",-52.643558106035925,-53.98970862122951,1.3461505151935853,1,True
168,,"At the estate sale, John saw the hammer was more affordable than the screwdriver, because the _ was brand new.",hammer,screwdriver,2,"At the estate sale, John saw the hammer was more affordable than the screwdriver, because the hammer was brand new.","At the estate sale, John saw the hammer was more affordable than the screwdriver, because the screwdriver was brand new.",-37.73139258660376,-40.96118639251654,3.2297938059127773,1,False
169,,"The temperature in winter is much different than summer,  the _  is always lower.",summer,winter,2,"The temperature in winter is much different than summer, the summer is always lower.","The temperature in winter is much different than summer, the winter is always lower.",-40.74366195593029,-42.286399708129466,1.542737752199173,1,False
170,,The sliding glass door was broken when Eric pushed Ian through it because _ is a pushover.,Eric,Ian,2,The sliding glass door was broken when Eric pushed Ian through it because Eric is a pushover.,The sliding glass door was broken when Eric pushed Ian through it because Ian is a pushover.,-29.565927416086197,-28.75233430042863,0.813593115657568,2,True
171,,"The woman used a gentle technique when painting the urn but applied more pressure when painting the vase, because the _ was less fragile.",Urn,Vase,2,"The woman used a gentle technique when painting the urn but applied more pressure when painting the vase, because the Urn was less fragile.","The woman used a gentle technique when painting the urn but applied more pressure when painting the vase, because the Vase was less fragile.",-47.23635736088727,-42.77269297698513,4.463664383902142,2,True
172,,"The woman used a gentle technique when painting the urn but applied more pressure when painting the vase, because the _ was more fragile.",Urn,Vase,1,"The woman used a gentle technique when painting the urn but applied more pressure when painting the vase, because the Urn was more fragile.","The woman used a gentle technique when painting the urn but applied more pressure when painting the vase, because the Vase was more fragile.",-44.705132444425544,-40.41923635872081,4.285896085704735,2,False
173,,Tina made a schedule to keep track of her work and school obligations.  She preferred to focus on the _ because she wanted to learn.,school,work,1,Tina made a schedule to keep track of her work and school obligations. She preferred to focus on the school because she wanted to learn.,Tina made a schedule to keep track of her work and school obligations. She preferred to focus on the work because she wanted to learn.,-51.425136151578045,-53.21043204161106,1.7852958900330123,1,True
174,,"Jessica wants to protect herself from infectious diseases so she goes to doctor Samantha, because _ is careful.",Jessica,Samantha,1,"Jessica wants to protect herself from infectious diseases so she goes to doctor Samantha, because Jessica is careful.","Jessica wants to protect herself from infectious diseases so she goes to doctor Samantha, because Samantha is careful.",-49.424295324322884,-47.067562773612735,2.3567325507101486,2,False
175,,Kerry was running later when he took his car to work than when he took a taxi because he ran into more traffic in the _ .,car,taxi,1,Kerry was running later when he took his car to work than when he took a taxi because he ran into more traffic in the car .,Kerry was running later when he took his car to work than when he took a taxi because he ran into more traffic in the taxi .,-61.959272511303425,-61.88335650297813,0.07591600832529366,2,False
176,,The history of the village is more intriguing than the history of the city because the _ is very new.,village,city,2,The history of the village is more intriguing than the history of the city because the village is very new.,The history of the village is more intriguing than the history of the city because the city is very new.,-25.250175482360646,-26.48556371545419,1.2353882330935448,1,False
177,,Rachel told Patricia to pick up some baby powder at the store because _ had sweaty feet.,Rachel,Patricia,1,Rachel told Patricia to pick up some baby powder at the store because Rachel had sweaty feet.,Rachel told Patricia to pick up some baby powder at the store because Patricia had sweaty feet.,-45.397894942434505,-38.65282793075312,6.745067011681385,2,False
178,,Rachel told Patricia to pick up some baby powder at the store but _ had sweaty feet too.,Rachel,Patricia,2,Rachel told Patricia to pick up some baby powder at the store but Rachel had sweaty feet too.,Rachel told Patricia to pick up some baby powder at the store but Patricia had sweaty feet too.,-45.56773270852864,-37.32707608258352,8.240656625945121,2,True
179,,Neil looked all over the neighborhood for their missing dog until Samuel called and _ got their dog back.,Neil,Samuel,1,Neil looked all over the neighborhood for their missing dog until Samuel called and Neil got their dog back.,Neil looked all over the neighborhood for their missing dog until Samuel called and Samuel got their dog back.,-44.42363430536352,-44.97965307428967,0.5560187689261511,1,True
180,,I did not buy the color pink rose flowers  for my wedding because the _ is too bright.,color,wedding,1,I did not buy the color pink rose flowers for my wedding because the color is too bright.,I did not buy the color pink rose flowers for my wedding because the wedding is too bright.,-29.456714516039938,-40.43579956097528,10.979085044935346,1,True
181,,"I started playing drums young.  Sometimes I played in the garage and sometimes my room, but my parents preferred knowing I was in the  _  .",garage,room,1,"I started playing drums young. Sometimes I played in the garage and sometimes my room, but my parents preferred knowing I was in the garage .","I started playing drums young. Sometimes I played in the garage and sometimes my room, but my parents preferred knowing I was in the room .",-57.63360570964869,-62.855865554651245,5.222259845002554,1,True
182,,"At work, Mary uses a broiler a lot, but Rebecca uses a chainsaw. That's because _ is a tree cutter.",Mary,Rebecca,2,"At work, Mary uses a broiler a lot, but Rebecca uses a chainsaw. That's because Mary is a tree cutter.","At work, Mary uses a broiler a lot, but Rebecca uses a chainsaw. That's because Rebecca is a tree cutter.",-33.75586093766651,-28.422122335844165,5.333738601822347,2,True
183,,"The sand and water in the fish tank were very dirty, so the _ needed to be filtered.",water,sand,1,"The sand and water in the fish tank were very dirty, so the water needed to be filtered.","The sand and water in the fish tank were very dirty, so the sand needed to be filtered.",-28.114770738058724,-30.436690384638496,2.3219196465797722,1,True
184,,"The sand and water in the fish tank were very dirty, so the _ needed to be scrubbed.",water,sand,2,"The sand and water in the fish tank were very dirty, so the water needed to be scrubbed.","The sand and water in the fish tank were very dirty, so the sand needed to be scrubbed.",-31.178953310416546,-28.12098869093461,3.057964619481936,2,True
185,,Warts appeared on Jerry's limbs after he went through the jungle because the _ were infectious.,warts,limbs,1,Warts appeared on Jerry's limbs after he went through the jungle because the warts were infectious.,Warts appeared on Jerry's limbs after he went through the jungle because the limbs were infectious.,-51.09274375025234,-58.8533429443105,7.760599194058159,1,True
186,,"Pete preferred to use the sheet to the blanket, because the _ was much hotter.",sheet,blanket,2,"Pete preferred to use the sheet to the blanket, because the sheet was much hotter.","Pete preferred to use the sheet to the blanket, because the blanket was much hotter.",-59.21474289498292,-57.486170158023015,1.7285727369599044,2,True
187,,"She preferred a globe of the world made of PVC instead of plastic, because the _ made it look expensive.",plastic,PVC,2,"She preferred a globe of the world made of PVC instead of plastic, because the plastic made it look expensive.","She preferred a globe of the world made of PVC instead of plastic, because the PVC made it look expensive.",-32.42064095776004,-35.432537161592336,3.0118962038322934,1,False
188,,"People think _ is embarassed, because Samantha made snide comments about the shirt Rebecca was wearing.",Samantha,Rebecca,2,"People think Samantha is embarassed, because Samantha made snide comments about the shirt Rebecca was wearing.","People think Rebecca is embarassed, because Samantha made snide comments about the shirt Rebecca was wearing.",-39.459853869484505,-34.569584858065355,4.89026901141915,2,True
189,,Adam's mindset was a lot stronger than William's because _ was able to control it.,Adam,William,1,Adam's mindset was a lot stronger than William's because Adam was able to control it.,Adam's mindset was a lot stronger than William's because William was able to control it.,-18.497501871715713,-16.712510869523157,1.7849910021925552,2,False
190,,The puncture healed quicker than the cut because the _ was a more superficial wound.,cut,puncture,2,The puncture healed quicker than the cut because the cut was a more superficial wound.,The puncture healed quicker than the cut because the puncture was a more superficial wound.,-17.763080395758152,-18.804253030131804,1.0411726343736518,1,False
191,,"At the beach, Emily collected some seashells for her mother Maria. _ polished the seashells before giving them away.",Emily,Maria,1,"At the beach, Emily collected some seashells for her mother Maria. Emily polished the seashells before giving them away.","At the beach, Emily collected some seashells for her mother Maria. Maria polished the seashells before giving them away.",-41.822277228655366,-35.20594472547964,6.616332503175727,2,False
192,,Using a needle to sew together both the leather and silk was difficult.  The _ was hard get through.,leather,silk,1,Using a needle to sew together both the leather and silk was difficult. The leather was hard get through.,Using a needle to sew together both the leather and silk was difficult. The silk was hard get through.,-38.708937392017106,-33.15790871207719,5.551028679939918,2,False
193,,The maid took away a cozy blanket from Lawrence but not Nick because _ was very hot.,Lawrence,Nick,1,The maid took away a cozy blanket from Lawrence but not Nick because Lawrence was very hot.,The maid took away a cozy blanket from Lawrence but not Nick because Nick was very hot.,-62.73270505480468,-66.7164532020688,3.983748147264123,1,True
194,,The maid took away a cozy blanket from Lawrence but not Nick because _ was very cold.,Lawrence,Nick,2,The maid took away a cozy blanket from Lawrence but not Nick because Lawrence was very cold.,The maid took away a cozy blanket from Lawrence but not Nick because Nick was very cold.,-53.69382614456117,-60.57600519992411,6.88217905536294,1,False
195,,"The photo came out of the Polaroid camera and fell onto the tray, so now the _ is lighter.",camera,tray,1,"The photo came out of the Polaroid camera and fell onto the tray, so now the camera is lighter.","The photo came out of the Polaroid camera and fell onto the tray, so now the tray is lighter.",-44.125749584287405,-39.65968223568052,4.4660673486068845,2,False
196,,Brett asked Nelson where they were because _ had no idea after he fell asleep.,Brett,Nelson,1,Brett asked Nelson where they were because Brett had no idea after he fell asleep.,Brett asked Nelson where they were because Nelson had no idea after he fell asleep.,-27.401558828074485,-25.205518304370344,2.1960405237041414,2,False
197,,Brett asked Nelson where they were because _ had had been driving after he fell asleep.,Brett,Nelson,2,Brett asked Nelson where they were because Brett had had been driving after he fell asleep.,Brett asked Nelson where they were because Nelson had had been driving after he fell asleep.,-55.73377821594477,-49.652039831504226,6.081738384440541,2,True
198,,Leslie coughed more when they were eating their food than Adam although there was more seasoning in the food of _ .,Leslie,Adam,2,Leslie coughed more when they were eating their food than Adam although there was more seasoning in the food of Leslie .,Leslie coughed more when they were eating their food than Adam although there was more seasoning in the food of Adam .,-70.77681595692411,-67.80582855897956,2.9709873979445547,2,True
199,,"Craig gifted Eric a new picnic table, because _ borrowed some money a while ago.",Craig,Eric,1,"Craig gifted Eric a new picnic table, because Craig borrowed some money a while ago.","Craig gifted Eric a new picnic table, because Eric borrowed some money a while ago.",-50.503332246735226,-50.30686656103353,0.1964656857016962,2,False
200,,"Craig gifted Eric a new picnic table, because _ lent him some money a while ago.",Craig,Eric,2,"Craig gifted Eric a new picnic table, because Craig lent him some money a while ago.","Craig gifted Eric a new picnic table, because Eric lent him some money a while ago.",-46.81598436177592,-49.025155638635624,2.2091712768597063,1,False
201,,"Victoria was eager to make the big sale to Sarah , as _ needed the money that day.",Victoria,Sarah,1,"Victoria was eager to make the big sale to Sarah , as Victoria needed the money that day.","Victoria was eager to make the big sale to Sarah , as Sarah needed the money that day.",-38.83419467275962,-37.19637007405254,1.637824598707084,2,False
202,,"Victoria was eager to make the big sale to Sarah , as _ had the money that day.",Victoria,Sarah,2,"Victoria was eager to make the big sale to Sarah , as Victoria had the money that day.","Victoria was eager to make the big sale to Sarah , as Sarah had the money that day.",-40.44553283181449,-39.251940365793416,1.193592466021073,2,True
203,,"Robert took voice lessons from Randy, because _ was known to be on American Idol.",Robert,Randy,2,"Robert took voice lessons from Randy, because Robert was known to be on American Idol.","Robert took voice lessons from Randy, because Randy was known to be on American Idol.",-37.74457655928563,-30.726587627908884,7.017988931376749,2,True
204,,Whilst on the beach Cynthia loved to wear a bikini but Laura did not because _ had a flat stomach.,Cynthia,Laura,1,Whilst on the beach Cynthia loved to wear a bikini but Laura did not because Cynthia had a flat stomach.,Whilst on the beach Cynthia loved to wear a bikini but Laura did not because Laura had a flat stomach.,-39.622538221581635,-43.30804417986292,3.685505958281283,1,True
205,,Whilst on the beach Cynthia loved to wear a bikini but Laura did not because _ had a fat stomach.,Cynthia,Laura,2,Whilst on the beach Cynthia loved to wear a bikini but Laura did not because Cynthia had a fat stomach.,Whilst on the beach Cynthia loved to wear a bikini but Laura did not because Laura had a fat stomach.,-39.865509882136394,-43.518954099312396,3.653444217176002,1,False
206,,"Paint was applied to the chairs but not the tables, since the _ were new.",chairs,tables,2,"Paint was applied to the chairs but not the tables, since the chairs were new.","Paint was applied to the chairs but not the tables, since the tables were new.",-14.931887725368142,-14.784562470391393,0.14732525497674942,2,True
207,,"Paint was applied to the chairs but not the tables, since the _ were old.",chairs,tables,1,"Paint was applied to the chairs but not the tables, since the chairs were old.","Paint was applied to the chairs but not the tables, since the tables were old.",-15.863594743423164,-15.808978734537959,0.05461600888520479,2,False
208,,"In high school Matthew was most popular among the teachers as were Steven was among the students, _ was liked by adolescents.",Matthew,Steven,2,"In high school Matthew was most popular among the teachers as were Steven was among the students, Matthew was liked by adolescents.","In high school Matthew was most popular among the teachers as were Steven was among the students, Steven was liked by adolescents.",-84.08456106111407,-90.00090736907441,5.916346307960339,1,False
209,,The shoe james bought got pinched by a nail while jogging because the _ is soft.,shoe,nail,1,The shoe james bought got pinched by a nail while jogging because the shoe is soft.,The shoe james bought got pinched by a nail while jogging because the nail is soft.,-58.997474391944706,-61.31360544078052,2.316131048835814,1,True
210,,Lawrence liked watching foreign movies with subtitles unlike Jason because _ criticized the original language of the film.,Lawrence,Jason,2,Lawrence liked watching foreign movies with subtitles unlike Jason because Lawrence criticized the original language of the film.,Lawrence liked watching foreign movies with subtitles unlike Jason because Jason criticized the original language of the film.,-60.93911103566643,-59.33313237596303,1.6059786597033963,2,True
211,,Lawrence liked watching foreign movies with subtitles unlike Jason because _ appreciated the original language of the film.,Lawrence,Jason,1,Lawrence liked watching foreign movies with subtitles unlike Jason because Lawrence appreciated the original language of the film.,Lawrence liked watching foreign movies with subtitles unlike Jason because Jason appreciated the original language of the film.,-58.62246818316635,-58.947842227178626,0.3253740440122783,1,True
212,,The fishing line snagged and broke on a rock because the _ was too heavy.,fishing line,rock,2,The fishing line snagged and broke on a rock because the fishing line was too heavy.,The fishing line snagged and broke on a rock because the rock was too heavy.,-13.567217484640423,-20.795614001661306,7.228396517020883,1,False
213,,Johnny likes fruits more than vegetables in his new keto diet because the _ are saccharine.,fruits,vegetables,1,Johnny likes fruits more than vegetables in his new keto diet because the fruits are saccharine.,Johnny likes fruits more than vegetables in his new keto diet because the vegetables are saccharine.,-36.398325651389314,-40.41007350903237,4.0117478576430585,1,True
214,,"Victoria was still grieving the death of a friend more than Elena, because _ had a more distant relationship with the friend.",Victoria,Elena,2,"Victoria was still grieving the death of a friend more than Elena, because Victoria had a more distant relationship with the friend.","Victoria was still grieving the death of a friend more than Elena, because Elena had a more distant relationship with the friend.",-46.988279583340045,-48.40620517107891,1.4179255877388641,1,False
215,,"Victoria was still grieving the death of a friend more than Elena, because _ had a very close relationship with the friend.",Victoria,Elena,1,"Victoria was still grieving the death of a friend more than Elena, because Victoria had a very close relationship with the friend.","Victoria was still grieving the death of a friend more than Elena, because Elena had a very close relationship with the friend.",-42.85856494132895,-44.05729975015856,1.198734808829613,1,True
216,,The bill had extra charges for past due and hookup. I owe the _ for being a new customer.,past due,hookup,2,The bill had extra charges for past due and hookup. I owe the past due for being a new customer.,The bill had extra charges for past due and hookup. I owe the hookup for being a new customer.,-63.7923233024776,-68.05620906024706,4.263885757769458,1,False
217,,"Cynthia had a much harder life than Amy, so when _ said life was good, it was an unusual sentiment.",Cynthia,Amy,1,"Cynthia had a much harder life than Amy, so when Cynthia said life was good, it was an unusual sentiment.","Cynthia had a much harder life than Amy, so when Amy said life was good, it was an unusual sentiment.",-37.10881865475676,-37.995014108368196,0.8861954536114354,1,True
218,,The courage of Ian was a lot stronger than Michael because _ had been through a lot in life.,Ian,Michael,1,The courage of Ian was a lot stronger than Michael because Ian had been through a lot in life.,The courage of Ian was a lot stronger than Michael because Michael had been through a lot in life.,-27.843622985528782,-33.294845196738606,5.451222211209824,1,True
219,,The chef fried less mushrooms than tomatoes because the _ were ordered frequently at the restaurant.,mushrooms,tomatoes,2,The chef fried less mushrooms than tomatoes because the mushrooms were ordered frequently at the restaurant.,The chef fried less mushrooms than tomatoes because the tomatoes were ordered frequently at the restaurant.,-46.89804441854358,-51.53332806751132,4.635283648967743,1,False
220,,"Lawrence dealt the cards to Joseph at the blackjack table, because _ was a professional player.",Lawrence,Joseph,2,"Lawrence dealt the cards to Joseph at the blackjack table, because Lawrence was a professional player.","Lawrence dealt the cards to Joseph at the blackjack table, because Joseph was a professional player.",-26.28557215258479,-24.25806929729879,2.027502855286002,2,True
221,,"You can grow cilantro in a garden or buy it at the store, but the _ variety will taste bland because it will be older.",garden,store,2,"You can grow cilantro in a garden or buy it at the store, but the garden variety will taste bland because it will be older.","You can grow cilantro in a garden or buy it at the store, but the store variety will taste bland because it will be older.",-50.472653137287125,-60.104351956862956,9.631698819575831,1,False
222,,"You can grow cilantro in a garden or buy it at the store, but the _ variety will taste better because it will be fresh.",garden,store,1,"You can grow cilantro in a garden or buy it at the store, but the garden variety will taste better because it will be fresh.","You can grow cilantro in a garden or buy it at the store, but the store variety will taste better because it will be fresh.",-35.588388517149724,-45.62944692512974,10.041058407980017,1,True
223,,"Samantha strictly followed their diet while Sarah ate what they felt like, and _ ate chicken and broccoli all week.",Samantha,Sarah,1,"Samantha strictly followed their diet while Sarah ate what they felt like, and Samantha ate chicken and broccoli all week.","Samantha strictly followed their diet while Sarah ate what they felt like, and Sarah ate chicken and broccoli all week.",-52.44971969828475,-51.769659816636704,0.6800598816480488,2,False
224,,It seemed more likely that Brett would wear a fedora rather than Justin because _ was known to dress stylishly.,Brett,Justin,1,It seemed more likely that Brett would wear a fedora rather than Justin because Brett was known to dress stylishly.,It seemed more likely that Brett would wear a fedora rather than Justin because Justin was known to dress stylishly.,-25.9226749271038,-35.53733425840619,9.614659331302391,1,True
225,,It seemed more likely that Brett would wear a fedora rather than Justin because _ did not often dress stylishly.,Brett,Justin,2,It seemed more likely that Brett would wear a fedora rather than Justin because Brett did not often dress stylishly.,It seemed more likely that Brett would wear a fedora rather than Justin because Justin did not often dress stylishly.,-27.917385011329316,-39.23948240943719,11.322097398107871,1,False
226,,William did not mind if it took them a while to prepare a meal but Adam did because _ was very meticulous.,William,Adam,1,William did not mind if it took them a while to prepare a meal but Adam did because William was very meticulous.,William did not mind if it took them a while to prepare a meal but Adam did because Adam was very meticulous.,-34.885502153356356,-35.924254140300036,1.03875198694368,1,True
227,,The wall of the house looks nicer than the one in the garage despite that the _ was painted more recently.,house,garage,2,The wall of the house looks nicer than the one in the garage despite that the house was painted more recently.,The wall of the house looks nicer than the one in the garage despite that the garage was painted more recently.,-32.89426285447553,-39.58682465739548,6.692561802919954,1,False
228,,Kevin ate large amounts of food but not Adam. _ didn't have to get checked to see if they had a tapeworm.,Kevin,Adam,2,Kevin ate large amounts of food but not Adam. Kevin didn't have to get checked to see if they had a tapeworm.,Kevin ate large amounts of food but not Adam. Adam didn't have to get checked to see if they had a tapeworm.,-53.276127985227475,-56.19571961001201,2.9195916247845375,1,False
229,,The computer of Victoria ran faster than that of Carrie because _ downloaded less files.,Victoria,Carrie,1,The computer of Victoria ran faster than that of Carrie because Victoria downloaded less files.,The computer of Victoria ran faster than that of Carrie because Carrie downloaded less files.,-34.76623938209377,-37.60078310640529,2.8345437243115157,1,True
230,,The computer of Victoria ran slower than that of Carrie because _ downloaded less files.,Victoria,Carrie,2,The computer of Victoria ran slower than that of Carrie because Victoria downloaded less files.,The computer of Victoria ran slower than that of Carrie because Carrie downloaded less files.,-36.51096136588603,-39.82264922885224,3.3116878629662097,1,False
231,,My face was more familiar than it was at the bar than the gym because I went to the _ very rarely.,bar,gym,2,My face was more familiar than it was at the bar than the gym because I went to the bar very rarely.,My face was more familiar than it was at the bar than the gym because I went to the gym very rarely.,-43.905441536568105,-39.16158645413816,4.7438550824299455,2,True
232,,My face was more familiar than it was at the bar than the gym because I went to the _ several times a week.,bar,gym,1,My face was more familiar than it was at the bar than the gym because I went to the bar several times a week.,My face was more familiar than it was at the bar than the gym because I went to the gym several times a week.,-43.202810710296035,-38.3059863820672,4.896824328228831,2,False
233,,Randy showed Samuel the abused horse that he rescued from the shelter.  _ was proud of his friend.,Randy,Samuel,2,Randy showed Samuel the abused horse that he rescued from the shelter. Randy was proud of his friend.,Randy showed Samuel the abused horse that he rescued from the shelter. Samuel was proud of his friend.,-43.314054859336466,-37.251584507059306,6.06247035227716,2,True
234,,Elena enjoyed yoga classes while Amy preferred other forms of exercise; this was because _ was flexible.,Elena,Amy,1,Elena enjoyed yoga classes while Amy preferred other forms of exercise; this was because Elena was flexible.,Elena enjoyed yoga classes while Amy preferred other forms of exercise; this was because Amy was flexible.,-45.14058702863986,-43.58789974817773,1.5526872804621235,2,False
235,,Elena enjoyed yoga classes while Amy preferred other forms of exercise; this was because _ was inflexible.,Elena,Amy,2,Elena enjoyed yoga classes while Amy preferred other forms of exercise; this was because Elena was inflexible.,Elena enjoyed yoga classes while Amy preferred other forms of exercise; this was because Amy was inflexible.,-40.84549041056016,-37.68274738849868,3.162743022061477,2,True
236,,"The cake that Lawrence tried to bake for Ryan didn't rise, and _ felt forgiving abut it.",Lawrence,Ryan,2,"The cake that Lawrence tried to bake for Ryan didn't rise, and Lawrence felt forgiving abut it.","The cake that Lawrence tried to bake for Ryan didn't rise, and Ryan felt forgiving abut it.",-60.58172825361543,-57.06602635042509,3.5157019031903403,2,True
237,,Natalie took a longer time to take a bath than Jennifer because _ liked relaxing in the tub.,Natalie,Jennifer,1,Natalie took a longer time to take a bath than Jennifer because Natalie liked relaxing in the tub.,Natalie took a longer time to take a bath than Jennifer because Jennifer liked relaxing in the tub.,-36.70248455691035,-33.00606375443749,3.6964208024728578,2,False
238,,Emily said that Victoria's hijab was silly and old fashioned. _ heard some very offensive things.,Emily,Victoria,2,Emily said that Victoria's hijab was silly and old fashioned. Emily heard some very offensive things.,Emily said that Victoria's hijab was silly and old fashioned. Victoria heard some very offensive things.,-44.39196091558597,-39.81591714863316,4.576043766952807,2,True
239,,Emily said that Victoria's hijab was silly and old fashioned. _ said some very offensive things.,Emily,Victoria,1,Emily said that Victoria's hijab was silly and old fashioned. Emily said some very offensive things.,Emily said that Victoria's hijab was silly and old fashioned. Victoria said some very offensive things.,-25.395316729044225,-22.935507135382068,2.4598095936621576,2,False
240,,"Mary was more reliable and hardworking than Rachel, but to be fair, _ had a better foundation as a child.",Mary,Rachel,1,"Mary was more reliable and hardworking than Rachel, but to be fair, Mary had a better foundation as a child.","Mary was more reliable and hardworking than Rachel, but to be fair, Rachel had a better foundation as a child.",-41.61948427551397,-39.9409475375287,1.6785367379852687,2,False
241,,It is likely that Donald but not Jason would get the job promotion because _ never stayed late and never did extra work.,Donald,Jason,2,It is likely that Donald but not Jason would get the job promotion because Donald never stayed late and never did extra work.,It is likely that Donald but not Jason would get the job promotion because Jason never stayed late and never did extra work.,-57.68948566052131,-59.7047344398452,2.0152487793238834,1,False
242,,A background check was performed on Natalie by Lindsey due to _ being a nanny.,Natalie,Lindsey,1,A background check was performed on Natalie by Lindsey due to Natalie being a nanny.,A background check was performed on Natalie by Lindsey due to Lindsey being a nanny.,-34.04506713873707,-37.894089559908025,3.8490224211709574,1,True
243,,We reached a settlement with the company but were roadblocked by the court.  The _ was just more inflexible in its dealings.,company,court,2,We reached a settlement with the company but were roadblocked by the court. The company was just more inflexible in its dealings.,We reached a settlement with the company but were roadblocked by the court. The court was just more inflexible in its dealings.,-31.46586977258994,-37.45181782427244,5.985948051682499,1,False
244,,The man paid cash for the phone but purchased the tablet with credit because the _ was pricy.,Phone,Tablet,2,The man paid cash for the phone but purchased the tablet with credit because the Phone was pricy.,The man paid cash for the phone but purchased the tablet with credit because the Tablet was pricy.,-47.03531598672271,-45.371499087661505,1.663816899061203,2,True
245,,The man paid cash for the phone but purchased the tablet with credit because the _ was inexpensive.,Phone,Tablet,1,The man paid cash for the phone but purchased the tablet with credit because the Phone was inexpensive.,The man paid cash for the phone but purchased the tablet with credit because the Tablet was inexpensive.,-40.57786214444786,-35.496553358621895,5.081308785825968,2,False
246,,"There are lots of pills in the home of Neil, but none in the house of Logan, so _ must be healthy.",Neil,Logan,2,"There are lots of pills in the home of Neil, but none in the house of Logan, so Neil must be healthy.","There are lots of pills in the home of Neil, but none in the house of Logan, so Logan must be healthy.",-39.35486126769683,-41.098426295939134,1.7435650282423012,1,False
247,,Carrie asked Betty where the children were on the playground because _ could not see them.,Carrie,Betty,1,Carrie asked Betty where the children were on the playground because Carrie could not see them.,Carrie asked Betty where the children were on the playground because Betty could not see them.,-30.633486287668347,-25.992925997823477,4.640560289844871,2,False
248,,"the region was too crowded for our comfortable stay for all the people sent there , the _ were too small..",region,people,1,"the region was too crowded for our comfortable stay for all the people sent there , the region were too small..","the region was too crowded for our comfortable stay for all the people sent there , the people were too small..",-89.43955654953606,-81.95992159098387,7.479634958552197,2,False
249,,Samantha had to get car insurance and Jessica did not because _ just got a new car.,Samantha,Jessica,1,Samantha had to get car insurance and Jessica did not because Samantha just got a new car.,Samantha had to get car insurance and Jessica did not because Jessica just got a new car.,-39.7724409326911,-39.02901531197131,0.7434256207197905,2,False
250,,The stain was lighter on Jason's shirt than Donald's because _ spilled red wine and not white wine.,Jason,Donald,2,The stain was lighter on Jason's shirt than Donald's because Jason spilled red wine and not white wine.,The stain was lighter on Jason's shirt than Donald's because Donald spilled red wine and not white wine.,-39.42157179594824,-38.3842121123148,1.03735968363344,2,True
251,,The stain was darker on Jason's shirt than Donald's because _ spilled red wine and not white wine.,Jason,Donald,1,The stain was darker on Jason's shirt than Donald's because Jason spilled red wine and not white wine.,The stain was darker on Jason's shirt than Donald's because Donald spilled red wine and not white wine.,-37.59722999033056,-37.32446703408664,0.2727629562439233,2,False
252,,Emily decided to eat a lot more yucca than Carrie did. _ was still hungry.,Emily,Carrie,2,Emily decided to eat a lot more yucca than Carrie did. Emily was still hungry.,Emily decided to eat a lot more yucca than Carrie did. Carrie was still hungry.,-28.478830268679303,-29.914864473073976,1.436034204394673,1,False
253,,Emily decided to eat a lot more yucca than Carrie did. _ was no longer hungry.,Emily,Carrie,1,Emily decided to eat a lot more yucca than Carrie did. Emily was no longer hungry.,Emily decided to eat a lot more yucca than Carrie did. Carrie was no longer hungry.,-25.278385593521307,-27.689830494940907,2.4114449014195998,1,True
254,,Ian needed to adjust the mirror and Craig did not because _ was shorter than the owner of the car.,Ian,Craig,1,Ian needed to adjust the mirror and Craig did not because Ian was shorter than the owner of the car.,Ian needed to adjust the mirror and Craig did not because Craig was shorter than the owner of the car.,-56.51928991728346,-56.00556564738508,0.5137242698983755,2,False
255,,Ian needed to adjust the mirror and Craig did not because _ was the same height as the owner of the car.,Ian,Craig,2,Ian needed to adjust the mirror and Craig did not because Ian was the same height as the owner of the car.,Ian needed to adjust the mirror and Craig did not because Craig was the same height as the owner of the car.,-54.47439523178036,-54.25245710971649,0.2219381220638752,2,True
256,,The commodities trader decided to buy wool and sell cotton because the _ was priced low.,wool,cotton,1,The commodities trader decided to buy wool and sell cotton because the wool was priced low.,The commodities trader decided to buy wool and sell cotton because the cotton was priced low.,-29.163915407843888,-33.220868440461345,4.056953032617457,1,True
257,,The commodities trader decided to buy wool and sell cotton because the _ was priced high.,wool,cotton,2,The commodities trader decided to buy wool and sell cotton because the wool was priced high.,The commodities trader decided to buy wool and sell cotton because the cotton was priced high.,-31.369912506779656,-35.546118587604724,4.176206080825068,1,False
258,,I was told my eyes are failing so I need to get glasses or contacts. I don't think I'll get the contacts since the _ seem less comfortable.,glasses,contacts,2,I was told my eyes are failing so I need to get glasses or contacts. I don't think I'll get the contacts since the glasses seem less comfortable.,I was told my eyes are failing so I need to get glasses or contacts. I don't think I'll get the contacts since the contacts seem less comfortable.,-41.661662010716896,-50.962240953004596,9.3005789422877,1,False
259,,"It is an article of faith that the paper is more important than the exam , even though the _ weighs less heavily on the grade.",paper,exam,1,"It is an article of faith that the paper is more important than the exam , even though the paper weighs less heavily on the grade.","It is an article of faith that the paper is more important than the exam , even though the exam weighs less heavily on the grade.",-40.75752538978122,-34.79065589956008,5.966869490221143,2,False
260,,The teenager got a job at the supermarket instead of at the diner because he had to work during school at the _ .,supermarket,diner,2,The teenager got a job at the supermarket instead of at the diner because he had to work during school at the supermarket .,The teenager got a job at the supermarket instead of at the diner because he had to work during school at the diner .,-26.979388865234796,-22.275230621249648,4.704158243985148,2,True
261,,The tip of James pencil was breaking while writing on the paper sheet. The _ is weak.,pencil,paper,1,The tip of James pencil was breaking while writing on the paper sheet. The pencil is weak.,The tip of James pencil was breaking while writing on the paper sheet. The paper is weak.,-69.277956712991,-71.7126621324569,2.4347054194658995,1,True
262,,"William lived in a rougher part of town than Eric, so _ trained their dog as a guard dog.",William,Eric,1,"William lived in a rougher part of town than Eric, so William trained their dog as a guard dog.","William lived in a rougher part of town than Eric, so Eric trained their dog as a guard dog.",-32.006004431517795,-29.17425569272018,2.8317487387976144,2,False
263,,The woman moved the urn in front of the vase on the shelf because the _ was attractive.,urn,vase,1,The woman moved the urn in front of the vase on the shelf because the urn was attractive.,The woman moved the urn in front of the vase on the shelf because the vase was attractive.,-33.33404422933029,-32.81439486332238,0.5196493660079113,2,False
264,,Jennifer returned the pan to Sarah because _ had borrowed it from her for the potluck party.,Jennifer,Sarah,1,Jennifer returned the pan to Sarah because Jennifer had borrowed it from her for the potluck party.,Jennifer returned the pan to Sarah because Sarah had borrowed it from her for the potluck party.,-39.91607648227364,-35.75434872088954,4.1617277613841,2,False
265,,Jennifer returned the pan to Sarah because _ had loaned it to her for the potluck party.,Jennifer,Sarah,2,Jennifer returned the pan to Sarah because Jennifer had loaned it to her for the potluck party.,Jennifer returned the pan to Sarah because Sarah had loaned it to her for the potluck party.,-41.662313480861485,-37.848486471688375,3.81382700917311,2,True
266,,The doctor told Kevin to exercise more often but not Neil. _ had always been lazy and unmotivated.,Kevin,Neil,1,The doctor told Kevin to exercise more often but not Neil. Kevin had always been lazy and unmotivated.,The doctor told Kevin to exercise more often but not Neil. Neil had always been lazy and unmotivated.,-32.90829101623967,-38.03425429901108,5.125963282771409,1,True
267,,The doctor told Kevin to exercise more often but not Neil. _ had always been active and self-motivated.,Kevin,Neil,2,The doctor told Kevin to exercise more often but not Neil. Kevin had always been active and self-motivated.,The doctor told Kevin to exercise more often but not Neil. Neil had always been active and self-motivated.,-35.79059521210729,-41.816626109182835,6.026030897075543,1,False
268,,I always wonder how people prefer reading in a library instead of at the house because the lack of people at the _ would make it easier to concentrate.,library,house,2,I always wonder how people prefer reading in a library instead of at the house because the lack of people at the library would make it easier to concentrate.,I always wonder how people prefer reading in a library instead of at the house because the lack of people at the house would make it easier to concentrate.,-51.61682203285454,-46.07778455907828,5.539037473776261,2,True
269,,I always wonder how people prefer reading in a library instead of at the house because the amount of people at the _ would make it hard to concentrate.,library,house,1,I always wonder how people prefer reading in a library instead of at the house because the amount of people at the library would make it hard to concentrate.,I always wonder how people prefer reading in a library instead of at the house because the amount of people at the house would make it hard to concentrate.,-47.13097158817982,-41.745318475826934,5.385653112352884,2,False
270,,"The blood sample on the slide was more helpful than the one in the vial, because the _ had been kept pristine.",slide,vial,1,"The blood sample on the slide was more helpful than the one in the vial, because the slide had been kept pristine.","The blood sample on the slide was more helpful than the one in the vial, because the vial had been kept pristine.",-35.692223911057226,-36.31373768252524,0.6215137714680168,1,True
271,,Ryan had to use a calculator on the test but Michael didn't because _ was very bad at math.,Ryan,Michael,1,Ryan had to use a calculator on the test but Michael didn't because Ryan was very bad at math.,Ryan had to use a calculator on the test but Michael didn't because Michael was very bad at math.,-34.96829411889348,-35.14636549491024,0.17807137601676004,1,True
272,,"The air in the shop was better than in the garage, because the _ was highly purified.",garage,shop,2,"The air in the shop was better than in the garage, because the garage was highly purified.","The air in the shop was better than in the garage, because the shop was highly purified.",-32.04253827454522,-35.21044078026898,3.1679025057237595,1,False
273,,"He went to put his pocket watch into his pocket, but realized the chain had broke.  Without it, the _ doesn't function correctly.",pocket watch,chain,1,"He went to put his pocket watch into his pocket, but realized the chain had broke. Without it, the pocket watch doesn't function correctly.","He went to put his pocket watch into his pocket, but realized the chain had broke. Without it, the chain doesn't function correctly.",-31.88345908179315,-35.92700454952859,4.043545467735441,1,True
274,,"Jason was easily scared, so he watched sci-fi movies instead of horror movies because the _ were not scary.",sci-fi movies,horror movies,1,"Jason was easily scared, so he watched sci-fi movies instead of horror movies because the sci-fi movies were not scary.","Jason was easily scared, so he watched sci-fi movies instead of horror movies because the horror movies were not scary.",-35.319048580308845,-37.43851456719585,2.1194659868870076,1,True
275,,"Christine accepted the over night challenge from Laura, because _ had a better chance of winning.",Christine,Laura,1,"Christine accepted the over night challenge from Laura, because Christine had a better chance of winning.","Christine accepted the over night challenge from Laura, because Laura had a better chance of winning.",-41.01926462072879,-42.42037956789136,1.4011149471625686,1,True
276,,"The woman kept the bikini but returned the top, because the _ was the right size.",bikini,top,1,"The woman kept the bikini but returned the top, because the bikini was the right size.","The woman kept the bikini but returned the top, because the top was the right size.",-39.6310765305534,-40.04357864148915,0.4125021109357476,1,True
277,,"The woman kept the bikini but returned the top, because the _ was the wrong size.",bikini,top,2,"The woman kept the bikini but returned the top, because the bikini was the wrong size.","The woman kept the bikini but returned the top, because the top was the wrong size.",-40.88646102743223,-41.61327495705336,0.7268139296211302,1,False
278,,"Victoria taught Elena how to count in Malay for their trip, because _ was a visitor of the island.",Victoria,Elena,2,"Victoria taught Elena how to count in Malay for their trip, because Victoria was a visitor of the island.","Victoria taught Elena how to count in Malay for their trip, because Elena was a visitor of the island.",-72.10439252758806,-65.77226766673266,6.3321248608554015,2,True
279,,"Angela beat Mary in the weightlifting competition, but it wasn't fair. _ had been taking steroids.",Angela,Mary,1,"Angela beat Mary in the weightlifting competition, but it wasn't fair. Angela had been taking steroids.","Angela beat Mary in the weightlifting competition, but it wasn't fair. Mary had been taking steroids.",-27.345455209004285,-30.243613657788956,2.8981584487846703,1,True
280,,Betty assisted Kayla with the daily analysis task they were assigned and then _ ask for help herself.,Betty,Kayla,1,Betty assisted Kayla with the daily analysis task they were assigned and then Betty ask for help herself.,Betty assisted Kayla with the daily analysis task they were assigned and then Kayla ask for help herself.,-77.83664873195812,-81.91177537618205,4.0751266442239285,1,True
281,,The store sold Michael a fake phone but not Eric so _ could still make a call.,Michael,Eric,2,The store sold Michael a fake phone but not Eric so Michael could still make a call.,The store sold Michael a fake phone but not Eric so Eric could still make a call.,-50.94469215348363,-62.596435563638806,11.651743410155177,1,False
282,,The juice from the mango fruit could not fill up the cup because the _ is small.,mango,cup,1,The juice from the mango fruit could not fill up the cup because the mango is small.,The juice from the mango fruit could not fill up the cup because the cup is small.,-34.850819314830005,-27.344513999298215,7.50630531553179,2,False
283,,Jeri was deciding what to bring to a potluck and picked cookies over a pie because the _ could be shared with fewer people.,cookies,pie,2,Jeri was deciding what to bring to a potluck and picked cookies over a pie because the cookies could be shared with fewer people.,Jeri was deciding what to bring to a potluck and picked cookies over a pie because the pie could be shared with fewer people.,-56.654072075965814,-58.942263312026625,2.288191236060811,1,False
284,,"Brian asked  Nick to feed their rabbit,because  _ was planning on going on vacation to Disney for a week.",Brian,Nick,1,"Brian asked Nick to feed their rabbit,because Brian was planning on going on vacation to Disney for a week.","Brian asked Nick to feed their rabbit,because Nick was planning on going on vacation to Disney for a week.",-51.480677413986996,-47.80720007355558,3.6734773404314183,2,False
285,,James listened carefully to the conversation from the other room but all he could hear was the clock tickling. The _ is pretty loud.,clock,conversation,1,James listened carefully to the conversation from the other room but all he could hear was the clock tickling. The clock is pretty loud.,James listened carefully to the conversation from the other room but all he could hear was the clock tickling. The conversation is pretty loud.,-40.13117007003166,-45.875797390704975,5.744627320673317,1,True
286,,"The dog that Laura found was dirtier than Amy's dog, since _ dog lived in the street.",Laura,Amy,1,"The dog that Laura found was dirtier than Amy's dog, since Laura dog lived in the street.","The dog that Laura found was dirtier than Amy's dog, since Amy dog lived in the street.",-62.9734195781823,-59.513980470668685,3.4594391075136173,2,False
287,,The ambulance went to the hospital without Nelson inside but with Ryan because _ drove there in a car.,Nelson,Ryan,1,The ambulance went to the hospital without Nelson inside but with Ryan because Nelson drove there in a car.,The ambulance went to the hospital without Nelson inside but with Ryan because Ryan drove there in a car.,-65.78576248977333,-67.70083556789905,1.9150730781257153,1,True
288,,Craig was a very selfish individual but Kenneth was very generous. _ had a lot of good friends.,Craig,Kenneth,2,Craig was a very selfish individual but Kenneth was very generous. Craig had a lot of good friends.,Craig was a very selfish individual but Kenneth was very generous. Kenneth had a lot of good friends.,-35.04336580407107,-30.7781757718476,4.265190032223472,2,True
289,,It took a less time for Katrina to read the book than Cynthia since _ was a better reader.,Katrina,Cynthia,1,It took a less time for Katrina to read the book than Cynthia since Katrina was a better reader.,It took a less time for Katrina to read the book than Cynthia since Cynthia was a better reader.,-43.037590005245875,-44.16474804005702,1.1271580348111456,1,True
290,,Bobby had to use his pen to finish the exam rather than the pencil because the _ was full of ink.,pen,pencil,1,Bobby had to use his pen to finish the exam rather than the pencil because the pen was full of ink.,Bobby had to use his pen to finish the exam rather than the pencil because the pencil was full of ink.,-33.73041739175096,-31.533060453948565,2.1973569378023967,2,False
291,,It was easy for Matthew but not Logan to practice yoga because _ wanted to improve their mind and body.,Matthew,Logan,1,It was easy for Matthew but not Logan to practice yoga because Matthew wanted to improve their mind and body.,It was easy for Matthew but not Logan to practice yoga because Logan wanted to improve their mind and body.,-49.283503407030366,-63.40807483824028,14.124571431209915,1,True
292,,"Patricia was called back for a second interview but not Victoria, as _ had passed the background check.",Patricia,Victoria,1,"Patricia was called back for a second interview but not Victoria, as Patricia had passed the background check.","Patricia was called back for a second interview but not Victoria, as Victoria had passed the background check.",-45.68008426763117,-49.75568431708962,4.075600049458444,1,True
293,,"Patricia was called back for a second interview but not Victoria, as _ had failed the background check.",Patricia,Victoria,2,"Patricia was called back for a second interview but not Victoria, as Patricia had failed the background check.","Patricia was called back for a second interview but not Victoria, as Victoria had failed the background check.",-39.554890966042876,-43.770102641545236,4.21521167550236,1,False
294,,Harold liked to play with dolls more than cars because the _ talked back to him.,dolls,cars,1,Harold liked to play with dolls more than cars because the dolls talked back to him.,Harold liked to play with dolls more than cars because the cars talked back to him.,-37.30360848696728,-46.09960285710986,8.79599437014258,1,True
295,,There was more dirt on the car than the bike because the _ was kept inside.,bike,car,1,There was more dirt on the car than the bike because the bike was kept inside.,There was more dirt on the car than the bike because the car was kept inside.,-32.43843582231784,-36.007002384460066,3.568566562142223,1,True
296,,There was more dirt on the car than the bike because the _ was kept outside.,bike,car,2,There was more dirt on the car than the bike because the bike was kept outside.,There was more dirt on the car than the bike because the car was kept outside.,-34.52127157500945,-37.43174639309291,2.9104748180834576,1,False
297,,"Michael was a very calm person with yoga but Jeffrey was hyper so, _ decided to take a yoga class.",Michael,Jeffrey,2,"Michael was a very calm person with yoga but Jeffrey was hyper so, Michael decided to take a yoga class.","Michael was a very calm person with yoga but Jeffrey was hyper so, Jeffrey decided to take a yoga class.",-57.329335598275065,-55.31948650139384,2.0098490968812257,2,True
298,,Going to a restaurant is something that Patricia does very often but Carrie rarely goes to one because _ is a very bad cook.,Patricia,Carrie,1,Going to a restaurant is something that Patricia does very often but Carrie rarely goes to one because Patricia is a very bad cook.,Going to a restaurant is something that Patricia does very often but Carrie rarely goes to one because Carrie is a very bad cook.,-33.202576546231285,-34.75116390816402,1.5485873619327322,1,True
299,,Going to a restaurant is something that Patricia does very often but Carrie rarely goes to one because _ is a very good cook.,Patricia,Carrie,2,Going to a restaurant is something that Patricia does very often but Carrie rarely goes to one because Patricia is a very good cook.,Going to a restaurant is something that Patricia does very often but Carrie rarely goes to one because Carrie is a very good cook.,-27.66662241949234,-29.703662018175237,2.0370395986828953,1,False
300,,"Eric went to Leslie's house to play with the new dog, but there was no answer. _ was at the park.",Eric,Leslie,2,"Eric went to Leslie's house to play with the new dog, but there was no answer. Eric was at the park.","Eric went to Leslie's house to play with the new dog, but there was no answer. Leslie was at the park.",-38.66843175510075,-34.04828356881623,4.620148186284517,2,True
